Player,Pos,Age,Tm,G,GS,MP,FG,FGA,FG%,3P,3PA,3P%,2P,2PA,2P%,eFG%,FT,FTA,FT%,ORB,DRB,TRB,AST,STL,BLK,TOV,PF,PTS
Precious Achiuwa,C-PF,24,TOT,26,0,17.2,3.0,6.6,0.453,0.5,1.8,0.277,2.5,4.8,0.52,0.491,0.9,1.6,0.571,2.0,3.4,5.3,1.7,0.6,0.5,1.1,1.6,7.4
Bam Adebayo,C,26,MIA,23,23,34.1,8.0,15.7,0.506,0.0,0.3,0.167,7.9,15.5,0.511,0.507,6.0,7.8,0.777,2.1,8.3,10.4,4.0,1.1,1.0,2.7,2.4,22.0
Ochai Agbaji,SG,23,UTA,34,10,21.1,2.6,5.7,0.451,1.2,3.3,0.354,1.4,2.4,0.585,0.554,0.3,0.4,0.714,0.8,1.7,2.5,1.0,0.6,0.5,0.7,1.5,6.6
Santi Aldama,PF,23,MEM,25,5,24.0,4.2,9.5,0.443,1.6,4.8,0.345,2.6,4.7,0.542,0.53,0.9,1.6,0.59,1.3,4.0,5.4,1.8,0.6,0.7,1.0,1.6,11.0
Nickeil Alexander-Walker,SG,25,MIN,32,11,22.6,2.4,5.8,0.418,1.4,3.8,0.369,1.0,1.9,0.516,0.541,0.3,0.5,0.647,0.4,1.3,1.8,2.4,0.9,0.6,1.0,1.9,6.6
Grayson Allen,SG,28,PHO,28,28,33.2,4.5,8.8,0.506,2.4,5.3,0.456,2.1,3.6,0.58,0.642,1.8,1.9,0.907,0.9,3.5,4.3,2.8,1.0,0.6,1.4,2.2,13.1
Jarrett Allen,C,25,CLE,28,28,30.0,6.0,8.9,0.671,0.0,0.0,0.0,6.0,8.9,0.673,0.671,2.4,3.4,0.708,3.2,6.1,9.3,2.8,0.8,0.9,1.7,2.6,14.4
Jose Alvarado,PG,25,NOP,19,0,16.2,2.4,5.7,0.426,1.2,3.1,0.39,1.2,2.6,0.469,0.532,0.7,1.2,0.591,0.5,1.9,2.4,1.8,1.1,0.4,0.9,1.5,6.7
Kyle Anderson,PF,30,MIN,32,1,23.2,2.6,5.7,0.462,0.1,0.8,0.125,2.5,4.9,0.513,0.47,1.4,2.0,0.688,0.7,2.9,3.6,4.0,0.8,0.8,1.6,1.4,6.7
Giannis Antetokounmpo,PF,29,MIL,32,32,34.8,11.5,18.9,0.606,0.3,1.7,0.204,11.1,17.3,0.645,0.615,7.6,11.3,0.676,2.7,8.6,11.3,5.7,1.3,1.2,3.8,2.9,30.9
Thanasis Antetokounmpo,PF,31,MIL,13,0,4.3,0.3,0.7,0.444,0.0,0.0,,0.3,0.7,0.444,0.444,0.0,0.0,,0.2,0.2,0.5,0.5,0.2,0.1,0.4,0.5,0.6
Cole Anthony,PG,23,ORL,32,0,24.9,4.8,10.8,0.448,1.3,3.8,0.352,3.5,6.9,0.5,0.51,3.3,4.0,0.836,1.1,3.3,4.4,3.5,0.8,0.4,1.8,2.7,14.3
OG Anunoby,SF,26,TOT,28,28,33.4,5.9,11.9,0.492,2.3,6.0,0.379,3.6,5.9,0.61,0.589,1.2,1.6,0.717,1.0,3.0,4.0,2.6,1.1,0.5,1.6,2.4,15.2
Ryan Arcidiacono,PG,29,NYK,11,0,2.0,0.0,0.3,0.0,0.0,0.3,0.0,0.0,0.0,,0.0,0.0,0.0,,0.0,0.5,0.5,0.3,0.1,0.0,0.0,0.1,0.0
Deni Avdija,SF,23,WAS,32,32,27.1,4.4,9.0,0.495,0.9,2.7,0.345,3.5,6.3,0.56,0.547,1.8,2.4,0.744,1.1,4.8,5.9,3.8,0.9,0.3,1.5,2.2,11.6
Deandre Ayton,C,25,POR,24,24,31.7,6.0,10.9,0.548,0.0,0.0,,6.0,10.9,0.548,0.548,1.2,1.5,0.778,3.4,7.3,10.8,1.6,1.2,0.7,2.1,2.5,13.1
Udoka Azubuike,C,24,PHO,8,0,8.9,1.6,2.1,0.765,0.0,0.0,,1.6,2.1,0.765,0.765,0.3,0.9,0.286,1.0,1.9,2.9,0.3,0.0,0.8,0.4,1.4,3.5
Ibou Badji,C,21,POR,4,0,12.5,1.3,1.3,1.0,0.0,0.0,,1.3,1.3,1.0,1.0,0.8,1.0,0.75,1.5,2.5,4.0,0.5,0.0,1.5,0.5,3.0,3.3
Marvin Bagley III,C,24,DET,25,10,18.6,4.1,7.0,0.589,0.0,0.2,0.167,4.1,6.8,0.604,0.591,1.9,2.3,0.825,1.8,2.8,4.6,1.0,0.2,0.6,1.2,1.5,10.2
Amari Bailey,PG,19,CHO,2,0,5.5,1.0,3.0,0.333,0.0,1.0,0.0,1.0,2.0,0.5,0.333,0.5,1.0,0.5,1.0,0.0,1.0,0.0,0.0,0.0,0.5,0.0,2.5
Patrick Baldwin Jr.,SF,21,WAS,9,0,5.8,0.6,1.8,0.313,0.3,0.8,0.429,0.2,1.0,0.222,0.406,0.4,0.4,1.0,0.2,1.0,1.2,0.3,0.0,0.1,0.1,0.6,1.9
LaMelo Ball,PG,22,CHO,15,15,33.4,8.8,19.9,0.443,3.5,8.9,0.388,5.3,10.9,0.488,0.53,3.6,4.2,0.857,1.5,3.9,5.5,8.2,1.4,0.3,3.9,3.5,24.7
Mo Bamba,C,25,PHI,19,0,7.9,1.5,2.6,0.58,0.4,0.7,0.615,1.1,1.9,0.568,0.66,0.6,0.8,0.75,1.3,1.6,2.9,0.5,0.2,0.6,0.5,0.9,4.1
Paolo Banchero,PF,21,ORL,32,32,34.2,7.8,16.8,0.465,1.3,3.6,0.357,6.5,13.2,0.494,0.503,4.8,6.8,0.697,1.2,5.8,7.0,4.7,1.0,0.6,3.1,2.0,21.7
Desmond Bane,SG,25,MEM,31,31,34.5,9.0,19.2,0.471,3.5,9.0,0.385,5.6,10.2,0.546,0.561,3.1,3.6,0.858,0.9,3.7,4.6,5.2,1.1,0.6,2.8,2.9,24.6
Dalano Banton,PG,24,BOS,15,1,7.4,1.1,2.2,0.485,0.1,0.5,0.125,1.0,1.7,0.6,0.5,0.6,0.7,0.9,0.7,1.2,1.9,0.5,0.1,0.1,0.5,0.9,2.8
Dominick Barlow,PF,20,SAS,10,0,7.2,0.7,2.1,0.333,0.1,0.4,0.25,0.6,1.7,0.353,0.357,0.5,0.8,0.625,0.3,1.2,1.5,0.1,0.4,0.0,0.0,0.8,2.0
Harrison Barnes,PF,31,SAC,31,31,30.0,3.8,8.0,0.48,1.7,4.4,0.385,2.2,3.6,0.593,0.585,2.0,2.4,0.84,0.8,2.2,3.1,1.3,0.7,0.2,0.7,1.2,11.4
Scottie Barnes,SG,22,TOR,33,33,35.2,7.8,16.3,0.48,2.2,5.7,0.385,5.6,10.6,0.531,0.547,3.2,4.1,0.772,2.6,6.7,9.3,5.8,1.5,1.4,2.4,2.0,21.0
RJ Barrett,SG,23,TOT,27,27,29.4,6.3,14.8,0.425,1.6,4.9,0.333,4.7,9.9,0.47,0.48,4.0,4.9,0.826,0.8,3.6,4.4,2.4,0.4,0.3,1.9,1.9,18.3
Charles Bassey,C,23,SAS,19,0,10.8,1.5,2.1,0.725,0.0,0.1,0.0,1.5,2.1,0.744,0.725,0.3,0.3,0.833,1.2,2.8,4.0,1.1,0.4,0.9,0.8,1.6,3.3
Emoni Bates,SF,20,CLE,10,0,7.6,0.6,2.5,0.24,0.5,2.0,0.25,0.1,0.5,0.2,0.34,0.1,0.2,0.5,0.1,0.9,1.0,0.6,0.1,0.2,0.1,0.5,1.8
Keita Bates-Diop,SF,28,PHO,23,8,17.5,1.8,4.5,0.404,0.5,1.8,0.268,1.3,2.7,0.492,0.457,1.0,1.4,0.719,0.9,2.2,3.1,0.9,0.6,0.7,0.3,0.9,5.1
Nicolas Batum,PF,35,TOT,21,14,23.7,2.0,3.8,0.538,1.4,2.9,0.475,0.7,0.9,0.737,0.719,0.3,0.5,0.636,0.9,2.8,3.6,2.1,0.6,0.6,0.5,1.7,5.8
Bradley Beal,SG,30,PHO,9,9,27.8,5.8,11.8,0.491,1.2,3.1,0.393,4.6,8.7,0.526,0.542,2.8,3.6,0.781,0.3,2.8,3.1,3.2,0.7,0.6,2.3,2.0,15.6
Malik Beasley,SG,27,MIL,31,31,29.9,4.3,8.7,0.487,3.0,6.4,0.47,1.3,2.4,0.534,0.659,0.3,0.4,0.667,0.7,3.6,4.3,1.4,0.8,0.1,0.6,2.0,11.8
MarJon Beauchamp,SF,23,MIL,28,1,15.1,1.9,3.7,0.505,0.8,1.6,0.457,1.1,2.0,0.544,0.607,0.4,0.7,0.6,0.5,1.9,2.4,0.7,0.3,0.1,0.7,1.5,4.9
Jules Bernard,SG,24,WAS,2,0,5.0,0.5,2.5,0.2,0.0,1.5,0.0,0.5,1.0,0.5,0.2,0.0,0.0,,0.5,0.0,0.5,0.5,0.0,0.0,0.5,0.5,1.0
Dāvis Bertāns,PF,31,OKC,11,0,7.5,0.8,2.1,0.391,0.8,1.9,0.429,0.0,0.2,0.0,0.587,1.3,1.4,0.933,0.2,0.7,0.9,0.7,0.2,0.2,0.1,0.9,3.7
Patrick Beverley,PG,35,PHI,31,1,17.4,1.8,4.1,0.437,0.6,2.0,0.306,1.2,2.1,0.563,0.512,0.9,1.2,0.75,0.7,2.1,2.8,2.3,0.5,0.3,0.7,1.7,5.0
Saddiq Bey,SF,24,ATL,32,20,32.2,4.7,10.4,0.449,1.9,5.4,0.347,2.8,5.0,0.56,0.539,1.8,2.2,0.789,2.3,4.3,6.6,1.3,1.1,0.2,1.1,1.6,12.9
Goga Bitadze,C,24,ORL,29,22,20.3,2.9,4.8,0.601,0.0,0.2,0.2,2.8,4.6,0.617,0.605,1.4,2.1,0.7,2.3,3.7,6.0,1.7,0.7,1.7,0.9,2.2,7.2
Onuralp Bitim,SG,24,CHI,1,0,3.0,0.0,0.0,,0.0,0.0,,0.0,0.0,,,0.0,0.0,,0.0,0.0,0.0,0.0,0.0,0.0,0.0,0.0,0.0
Bismack Biyombo,C,31,MEM,26,24,23.7,2.3,4.2,0.565,0.0,0.0,,2.3,4.2,0.565,0.565,0.8,1.7,0.477,2.0,4.3,6.3,1.7,0.3,1.1,1.2,2.7,5.5
Anthony Black,PG,20,ORL,30,26,20.8,2.1,4.1,0.512,0.5,1.5,0.356,1.6,2.6,0.603,0.577,0.7,1.2,0.629,0.7,2.1,2.8,1.8,0.6,0.4,1.1,2.2,5.5
Leaky Black,SF,24,CHO,7,0,5.7,0.7,1.1,0.625,0.1,0.3,0.5,0.6,0.9,0.667,0.688,0.0,0.0,,0.3,0.7,1.0,0.6,0.3,0.4,0.1,0.3,1.6
Bogdan Bogdanović,SG,31,ATL,30,2,28.5,6.3,14.4,0.44,3.3,8.8,0.379,3.0,5.6,0.536,0.556,1.5,1.7,0.902,0.5,2.8,3.3,2.7,1.2,0.3,1.0,2.5,17.5
Bojan Bogdanović,PF,34,DET,14,13,33.6,6.7,14.8,0.454,2.7,7.2,0.376,4.0,7.6,0.528,0.546,3.1,4.1,0.741,0.6,3.0,3.6,2.7,0.8,0.1,2.4,2.2,19.2
Bol Bol,PF,24,PHO,9,0,4.3,0.8,1.2,0.636,0.1,0.3,0.333,0.7,0.9,0.75,0.682,0.2,0.2,1.0,0.3,1.1,1.4,0.1,0.0,0.3,0.4,0.7,1.9
Marques Bolden,C,25,MIL,2,0,1.5,0.0,0.0,,0.0,0.0,,0.0,0.0,,,0.0,0.0,,0.0,1.0,1.0,0.0,0.0,0.0,0.0,0.5,0.0
Devin Booker,PG,27,PHO,24,24,35.8,8.9,19.1,0.466,2.0,5.3,0.373,7.0,13.9,0.502,0.517,6.6,7.5,0.883,0.9,4.4,5.3,7.9,0.8,0.4,2.8,3.3,26.4
Brandon Boston Jr.,SF,22,LAC,5,0,8.8,2.0,4.8,0.417,0.6,2.4,0.25,1.4,2.4,0.583,0.479,1.2,1.2,1.0,0.4,0.8,1.2,0.6,0.2,0.0,0.2,1.0,5.8
Chris Boucher,PF,31,TOR,30,0,13.8,2.0,4.4,0.455,0.7,1.9,0.357,1.3,2.5,0.526,0.53,1.4,1.9,0.75,1.1,2.5,3.6,0.3,0.3,0.5,0.4,1.6,6.1
James Bouknight,SG,23,CHO,5,0,5.6,1.6,3.0,0.533,1.2,2.2,0.545,0.4,0.8,0.5,0.733,0.0,0.0,,0.2,1.0,1.2,0.6,0.0,0.0,0.2,0.2,4.4
Jamaree Bouyea,PG,24,POR,6,0,9.5,0.8,3.5,0.238,0.0,1.3,0.0,0.8,2.2,0.385,0.238,0.0,0.0,,0.3,1.3,1.7,1.3,0.0,0.0,1.3,0.5,1.7
Malaki Branham,PG,20,SAS,32,20,22.8,3.8,8.5,0.441,1.1,3.3,0.318,2.7,5.2,0.521,0.504,0.6,0.7,0.905,0.3,1.8,2.2,2.5,0.4,0.1,1.3,1.4,9.2
Christian Braun,SG,22,DEN,35,0,19.9,3.1,6.6,0.466,0.7,1.9,0.4,2.3,4.8,0.491,0.522,1.4,1.9,0.746,0.7,2.9,3.7,1.8,0.4,0.4,0.7,1.6,8.3
Mikal Bridges,SF,27,BRK,33,33,34.1,7.5,16.4,0.457,2.0,5.6,0.359,5.5,10.8,0.508,0.519,4.1,5.0,0.829,1.0,4.3,5.3,3.8,0.9,0.4,2.3,1.6,21.1
Miles Bridges,SF,25,CHO,20,18,36.3,7.5,16.6,0.449,2.0,6.3,0.32,5.5,10.4,0.527,0.509,2.8,3.3,0.848,0.9,6.3,7.2,3.0,1.3,0.5,1.8,2.3,19.7
Oshae Brissett,SF,25,BOS,17,0,11.2,1.1,2.2,0.474,0.4,0.9,0.375,0.7,1.3,0.545,0.553,0.6,1.0,0.588,1.1,1.6,2.7,0.5,0.4,0.0,0.3,0.9,3.1
Malcolm Brogdon,PG,31,POR,25,16,28.3,5.8,13.3,0.44,2.3,5.5,0.423,3.5,7.8,0.451,0.527,2.2,2.8,0.783,0.7,2.8,3.6,5.7,0.8,0.2,1.4,1.3,16.2
Armoni Brooks,PG,25,BRK,8,0,11.6,1.6,5.1,0.317,1.3,3.5,0.357,0.4,1.6,0.231,0.439,0.1,0.3,0.5,0.8,1.3,2.0,0.6,0.1,0.1,0.4,0.3,4.6
Dillon Brooks,SF,28,HOU,28,28,30.9,5.0,10.6,0.476,1.9,4.6,0.408,3.1,5.9,0.53,0.566,1.6,1.9,0.833,0.7,2.8,3.5,1.7,0.9,0.0,1.7,3.8,13.6
Bruce Brown,SG,27,IND,27,27,30.7,4.3,9.5,0.457,1.0,3.4,0.297,3.3,6.1,0.545,0.51,1.9,2.4,0.813,0.7,3.9,4.6,2.9,1.1,0.3,1.1,2.5,11.6
Charlie Brown Jr.,SG,26,NYK,3,0,1.7,0.3,1.3,0.25,0.3,1.0,0.333,0.0,0.3,0.0,0.375,0.0,0.0,,0.0,0.0,0.0,0.0,0.0,0.0,0.7,0.0,1.0
Greg Brown III,PF,22,DAL,5,0,5.6,0.4,1.2,0.333,0.0,0.2,0.0,0.4,1.0,0.4,0.333,0.8,1.8,0.444,0.4,1.0,1.4,0.6,0.0,0.2,0.6,0.6,1.6
Jaylen Brown,SF,27,BOS,30,30,33.8,8.9,18.2,0.489,2.2,6.2,0.358,6.7,12.0,0.557,0.55,2.9,4.0,0.733,0.9,4.2,5.1,3.7,1.1,0.6,2.5,2.7,23.0
Kobe Brown,PF,24,LAC,22,0,10.6,1.0,2.5,0.407,0.5,1.6,0.314,0.5,0.9,0.579,0.509,0.0,0.1,0.5,0.3,1.3,1.6,0.6,0.2,0.1,0.2,1.6,2.5
Moses Brown,C,24,POR,9,4,9.1,1.0,2.3,0.429,0.0,0.0,,1.0,2.3,0.429,0.429,0.0,0.4,0.0,2.0,3.1,5.1,0.2,0.2,0.3,0.4,1.2,2.0
Troy Brown Jr.,SF,24,MIN,28,3,13.1,1.6,3.5,0.455,0.9,2.4,0.382,0.7,1.1,0.613,0.586,0.7,0.8,0.864,0.5,1.8,2.3,0.9,0.3,0.1,0.5,0.8,4.8
Jalen Brunson,PG,27,NYK,33,33,35.9,9.0,19.4,0.463,2.8,6.4,0.431,6.2,13.0,0.479,0.534,4.8,5.9,0.82,0.7,3.3,4.0,6.2,1.1,0.2,2.4,2.2,25.6
Thomas Bryant,C,26,MIA,19,3,11.9,2.1,3.8,0.556,0.0,0.2,0.0,2.1,3.6,0.58,0.556,0.9,1.1,0.85,1.2,2.5,3.6,0.6,0.3,0.3,0.8,1.2,5.1
Kobe Bufkin,SG,20,ATL,2,0,2.0,0.0,1.5,0.0,0.0,0.5,0.0,0.0,1.0,0.0,0.0,0.5,1.0,0.5,0.5,0.5,1.0,0.0,0.0,0.0,0.0,0.0,0.5
Reggie Bullock,SF,32,HOU,13,0,8.7,0.8,1.9,0.4,0.5,1.5,0.368,0.2,0.5,0.5,0.54,0.1,0.1,1.0,0.2,1.0,1.2,0.5,0.1,0.1,0.2,0.5,2.2
Alec Burks,SG,32,DET,26,0,18.5,2.8,8.1,0.348,1.7,4.9,0.352,1.1,3.2,0.341,0.455,2.6,2.9,0.895,0.5,1.7,2.1,1.3,0.5,0.2,0.5,1.4,10.0
Jared Butler,SG,23,WAS,14,0,7.9,1.6,3.1,0.512,0.5,1.5,0.333,1.1,1.6,0.682,0.593,0.9,1.1,0.8,0.0,0.7,0.7,1.9,0.6,0.1,0.7,1.0,4.5
Jimmy Butler,PF,34,MIA,24,24,33.6,6.5,14.0,0.464,0.8,2.2,0.377,5.7,11.8,0.481,0.494,7.1,8.1,0.881,1.9,3.2,5.0,4.5,1.0,0.4,1.8,1.1,21.0
Jamal Cain,PF,24,MIA,12,1,16.9,2.3,5.1,0.443,0.6,2.0,0.292,1.7,3.1,0.541,0.5,1.0,1.4,0.706,0.8,1.4,2.3,0.3,0.8,0.3,0.3,1.3,6.1
Kentavious Caldwell-Pope,SG,30,DEN,33,33,32.1,3.5,7.8,0.457,1.5,3.6,0.415,2.1,4.2,0.493,0.553,1.4,1.6,0.887,0.5,1.7,2.1,2.7,1.4,0.5,1.0,2.0,10.0
Toumani Camara,PF,23,POR,31,22,25.0,2.6,6.4,0.414,0.8,2.7,0.294,1.8,3.6,0.504,0.477,0.9,1.3,0.683,2.0,2.8,4.8,1.0,1.0,0.5,1.1,2.6,7.0
Clint Capela,C,29,ATL,31,31,26.3,5.0,8.5,0.591,0.0,0.0,,5.0,8.5,0.591,0.591,1.9,2.8,0.686,4.9,5.8,10.7,1.2,0.6,1.6,1.0,2.7,12.0
Jevon Carter,PG,28,CHI,34,0,14.4,2.0,5.4,0.362,1.2,3.5,0.342,0.8,1.9,0.4,0.473,0.1,0.1,0.6,0.1,0.6,0.7,1.2,0.5,0.3,0.6,1.2,5.2
Wendell Carter Jr.,C,24,ORL,11,10,25.1,3.0,6.8,0.44,0.9,2.5,0.357,2.1,4.3,0.489,0.507,1.3,2.0,0.636,1.7,5.0,6.7,1.8,0.3,0.5,1.4,2.1,8.2
Alex Caruso,SG,29,CHI,28,16,24.2,3.5,6.7,0.529,1.6,3.6,0.455,1.9,3.1,0.616,0.652,1.3,1.6,0.778,1.1,2.4,3.5,2.5,1.2,0.8,1.4,2.3,10.0
Colin Castleton,C,23,LAL,4,0,7.0,1.3,2.0,0.625,0.0,0.0,,1.3,2.0,0.625,0.625,0.5,0.5,1.0,0.8,1.0,1.8,0.8,0.0,0.0,0.0,1.3,3.0
Malcolm Cazalon,SG,22,DET,1,0,3.0,0.0,0.0,,0.0,0.0,,0.0,0.0,,,0.0,0.0,,0.0,0.0,0.0,0.0,0.0,0.0,0.0,0.0,0.0
Julian Champagnie,SF,22,SAS,25,10,13.8,1.8,4.4,0.409,1.3,3.3,0.402,0.5,1.1,0.429,0.559,0.6,0.8,0.8,0.4,1.4,1.8,0.8,0.5,0.6,0.7,1.0,5.6
Max Christie,SG,20,LAL,24,6,17.3,1.8,4.5,0.389,0.7,2.2,0.308,1.1,2.3,0.464,0.463,0.5,0.7,0.75,0.2,2.7,2.8,1.0,0.5,0.3,0.8,1.4,4.7
Sidy Cissoko,SF,19,SAS,5,0,6.4,0.2,1.2,0.167,0.0,0.8,0.0,0.2,0.4,0.5,0.167,0.8,0.8,1.0,0.0,1.2,1.2,0.0,0.6,0.0,0.2,0.4,1.2
Jordan Clarkson,SG,31,UTA,24,19,30.0,6.1,15.2,0.404,1.7,5.8,0.29,4.5,9.4,0.473,0.459,3.1,3.6,0.872,1.2,2.5,3.6,5.3,0.8,0.1,3.0,1.6,17.0
Nic Claxton,C,24,BRK,23,23,27.7,5.0,8.1,0.618,0.0,0.0,1.0,5.0,8.0,0.616,0.621,1.7,2.8,0.6,3.1,6.7,9.9,1.8,0.4,2.5,0.9,2.4,11.7
Noah Clowney,PF,19,BRK,2,0,13.5,3.0,4.5,0.667,0.0,0.5,0.0,3.0,4.0,0.75,0.667,1.0,1.0,1.0,1.5,1.0,2.5,1.0,0.0,0.0,0.5,1.5,7.0
Amir Coffey,SF,26,LAC,20,6,14.7,1.4,3.0,0.467,0.6,1.8,0.343,0.8,1.3,0.64,0.567,0.6,0.7,0.923,0.4,1.2,1.6,0.8,0.2,0.0,0.4,1.1,4.0
John Collins,PF,26,UTA,30,28,28.9,5.1,10.8,0.474,1.4,3.7,0.375,3.7,7.1,0.526,0.538,1.9,2.5,0.784,2.2,5.7,7.9,0.7,0.6,0.9,1.5,2.6,13.6
Zach Collins,C,26,SAS,31,23,26.1,4.9,10.0,0.495,1.1,3.5,0.312,3.8,6.5,0.595,0.55,2.0,2.5,0.792,1.9,4.1,6.0,3.3,0.6,0.8,2.3,3.4,12.9
Mike Conley,PG,36,MIN,32,32,29.4,3.8,8.3,0.461,2.4,5.2,0.455,1.5,3.1,0.47,0.603,1.4,1.5,0.939,0.4,2.5,2.8,6.2,1.0,0.2,1.1,1.7,11.5
Pat Connaughton,SF,31,MIL,27,0,22.0,2.0,4.8,0.411,1.1,3.3,0.322,0.9,1.4,0.615,0.523,0.4,0.6,0.733,0.8,2.9,3.7,2.0,0.5,0.2,0.6,1.1,5.4
Bilal Coulibaly,SF,19,WAS,31,1,26.1,3.2,6.2,0.513,1.1,2.7,0.405,2.1,3.5,0.598,0.602,1.1,1.7,0.66,0.7,3.4,4.1,1.8,0.9,0.6,1.5,2.0,8.5
Robert Covington,SF-PF,33,TOT,29,6,16.8,1.5,3.4,0.439,0.7,1.9,0.339,0.8,1.4,0.571,0.536,0.8,0.9,0.846,1.1,2.3,3.3,0.8,1.3,0.6,0.4,1.9,4.4
Torrey Craig,SF,33,CHI,27,7,21.2,2.2,5.1,0.424,1.1,2.8,0.382,1.1,2.3,0.476,0.529,0.7,0.9,0.783,1.9,3.0,4.8,1.0,0.6,0.4,0.6,2.5,6.1
Jae Crowder,PF,33,MIL,9,2,26.7,2.8,5.2,0.532,1.8,3.4,0.516,1.0,1.8,0.563,0.702,0.8,1.3,0.583,0.4,3.4,3.9,1.7,0.8,0.3,0.4,1.6,8.1
Cade Cunningham,PG,22,DET,33,33,35.0,8.5,19.2,0.443,1.9,5.6,0.337,6.6,13.7,0.486,0.491,4.1,4.7,0.87,0.5,3.5,4.0,7.3,1.0,0.3,3.9,2.8,23.0
Seth Curry,SG,33,DAL,25,3,13.3,1.7,4.4,0.385,1.0,2.5,0.419,0.6,1.9,0.34,0.505,0.6,0.6,0.875,0.5,1.1,1.6,0.9,0.6,0.1,0.4,0.9,5.0
Stephen Curry,PG,35,GSW,30,30,33.5,8.6,19.0,0.453,4.7,11.6,0.409,3.9,7.4,0.523,0.578,5.4,5.8,0.931,0.5,3.9,4.4,4.5,0.7,0.4,3.1,1.8,27.3
Dyson Daniels,PG,20,NOP,33,13,22.4,2.3,5.5,0.41,0.7,2.5,0.272,1.6,3.1,0.52,0.47,0.7,1.1,0.667,0.9,2.9,3.9,2.6,1.3,0.3,1.0,1.8,5.9
Anthony Davis,C,30,LAL,32,32,35.6,9.5,17.2,0.551,0.4,1.0,0.375,9.1,16.2,0.562,0.562,5.7,7.1,0.806,3.3,9.0,12.3,3.3,1.2,2.6,2.0,2.6,25.0
Johnny Davis,SG,21,WAS,15,0,8.9,1.3,2.7,0.463,0.1,0.2,0.333,1.2,2.5,0.474,0.476,0.3,0.3,0.8,0.5,0.7,1.3,0.3,0.5,0.1,0.3,0.7,2.9
JD Davison,SG,21,BOS,1,0,3.0,0.0,1.0,0.0,0.0,1.0,0.0,0.0,0.0,,0.0,0.0,0.0,,0.0,1.0,1.0,0.0,0.0,0.0,0.0,0.0,0.0
Dexter Dennis,SG,24,DAL,4,0,7.5,2.5,4.8,0.526,0.3,2.0,0.125,2.3,2.8,0.818,0.553,0.3,0.8,0.333,0.3,2.0,2.3,1.0,0.0,0.3,0.8,0.3,5.5
DeMar DeRozan,SF,34,CHI,32,32,36.7,7.8,17.0,0.455,0.9,2.6,0.345,6.8,14.4,0.475,0.482,6.0,7.1,0.838,0.7,3.2,3.8,5.4,1.1,0.8,1.4,2.2,22.4
Moussa Diabaté,C,22,LAC,10,0,5.8,0.9,1.8,0.5,0.0,0.0,,0.9,1.8,0.5,0.5,0.9,1.2,0.75,1.4,0.6,2.0,0.4,0.4,0.0,0.2,0.4,2.7
Gradey Dick,SG,20,TOR,19,1,12.4,1.1,3.6,0.294,0.6,2.3,0.25,0.5,1.3,0.375,0.375,0.8,0.8,1.0,0.4,0.8,1.2,0.8,0.3,0.0,0.6,1.3,3.5
Ousmane Dieng,PF,20,OKC,18,0,11.2,1.5,3.3,0.458,0.8,2.2,0.35,0.7,1.1,0.684,0.576,0.6,0.7,0.833,0.4,1.2,1.6,0.9,0.1,0.0,0.3,0.7,4.3
Spencer Dinwiddie,PG,30,BRK,31,31,31.9,4.6,11.9,0.391,2.0,6.4,0.317,2.6,5.5,0.479,0.477,3.0,3.9,0.767,0.7,3.4,4.1,6.5,0.9,0.2,1.6,1.8,14.3
Donte DiVincenzo,SG,27,NYK,33,15,21.3,3.7,7.9,0.469,2.5,5.6,0.443,1.2,2.3,0.533,0.627,0.8,1.0,0.735,0.7,2.2,2.9,1.8,1.1,0.3,1.0,1.8,10.6
Luka Dončić,PG,24,DAL,31,31,36.9,11.4,23.6,0.484,4.0,10.6,0.378,7.4,13.0,0.569,0.568,6.6,8.4,0.785,0.8,7.5,8.3,9.4,1.4,0.6,4.0,1.7,33.4
Luguentz Dort,SF,24,OKC,30,30,28.5,3.7,8.0,0.465,1.9,4.4,0.427,1.9,3.7,0.509,0.581,1.8,2.2,0.815,1.1,2.8,3.9,1.3,0.9,0.8,0.9,3.0,11.1
Ayo Dosunmu,SG,24,CHI,32,5,22.1,3.0,6.5,0.469,0.9,2.8,0.337,2.1,3.7,0.568,0.541,0.8,1.1,0.735,0.8,1.7,2.4,1.9,0.8,0.3,0.8,1.8,7.8
Andre Drummond,C,30,CHI,34,3,14.9,2.8,5.2,0.54,0.0,0.0,0.0,2.8,5.1,0.543,0.54,1.4,2.6,0.563,3.1,4.9,8.1,0.6,1.2,0.5,1.1,1.9,7.0
Chris Duarte,SF,26,SAC,28,6,13.0,1.3,3.5,0.367,0.6,2.0,0.304,0.7,1.5,0.452,0.454,0.6,0.7,0.8,0.3,1.6,1.9,0.8,0.6,0.1,0.5,1.9,3.8
Kris Dunn,PG,29,UTA,26,8,16.3,2.2,4.7,0.463,0.5,1.5,0.368,1.6,3.2,0.506,0.521,0.4,0.6,0.688,0.5,2.2,2.7,3.8,0.6,0.2,1.3,1.6,5.3
Kevin Durant,PF,35,PHO,28,28,37.1,10.4,19.7,0.525,2.2,4.6,0.477,8.2,15.1,0.54,0.581,7.0,8.0,0.874,0.4,5.9,6.3,6.0,0.9,1.1,3.4,1.8,29.9
Jalen Duren,C,20,DET,18,17,29.6,5.7,9.1,0.632,0.0,0.1,0.0,5.7,8.9,0.64,0.632,1.5,2.2,0.675,3.6,8.2,11.8,2.4,0.5,1.1,2.3,3.4,12.9
Tari Eason,PF,22,HOU,22,0,21.8,4.0,8.6,0.466,0.8,2.3,0.36,3.2,6.3,0.504,0.513,1.0,1.5,0.636,2.1,4.9,7.0,1.2,1.4,0.9,0.9,2.3,9.8
Anthony Edwards,SG,22,MIN,29,29,34.7,9.0,19.7,0.458,2.6,6.8,0.379,6.4,12.9,0.5,0.524,5.7,6.8,0.842,0.6,4.8,5.3,5.1,1.3,0.7,3.3,1.8,26.3
Kessler Edwards,SF,23,SAC,25,0,4.9,0.5,1.4,0.382,0.3,0.9,0.318,0.2,0.5,0.5,0.485,0.0,0.1,0.5,0.1,0.6,0.7,0.2,0.1,0.1,0.0,0.4,1.4
Keon Ellis,SG,24,SAC,23,3,13.2,1.3,3.1,0.408,0.9,2.6,0.35,0.3,0.5,0.727,0.556,0.5,0.7,0.647,0.3,1.1,1.4,1.4,0.6,0.5,0.6,1.5,3.9
Joel Embiid,C,29,PHI,25,25,34.2,11.8,21.8,0.54,1.1,3.2,0.35,10.6,18.6,0.573,0.566,10.3,11.6,0.893,2.8,8.9,11.7,6.0,1.2,2.0,3.8,2.8,35.0
Drew Eubanks,C,26,PHO,29,2,16.6,2.4,4.1,0.593,0.1,0.1,1.0,2.3,4.0,0.586,0.602,1.1,1.4,0.78,1.4,2.9,4.3,1.1,0.3,1.0,1.2,1.9,6.0
Dante Exum,PG,28,DAL,30,14,19.5,3.7,6.4,0.575,0.9,2.1,0.452,2.8,4.4,0.634,0.648,1.0,1.3,0.75,0.6,2.3,2.9,2.9,0.6,0.2,0.9,1.6,9.3
Bruno Fernando,C,25,ATL,8,0,6.0,1.0,2.3,0.444,0.0,0.1,0.0,1.0,2.1,0.471,0.444,0.5,0.8,0.667,0.6,1.3,1.9,0.4,0.1,0.1,0.6,1.1,2.5
Dorian Finney-Smith,PF,30,BRK,30,19,29.4,3.8,8.4,0.45,2.4,5.5,0.43,1.4,2.9,0.488,0.592,0.3,0.3,0.8,2.0,3.0,5.1,1.2,0.7,0.5,0.8,2.2,10.2
Malachi Flynn,PG,25,TOR,31,0,15.3,1.8,4.4,0.409,0.9,2.6,0.35,0.9,1.8,0.491,0.511,0.5,0.7,0.773,0.4,1.7,2.1,2.4,0.6,0.2,1.1,1.4,5.1
Simone Fontecchio,SF,28,UTA,32,16,21.4,3.3,7.0,0.462,1.8,4.6,0.399,1.4,2.4,0.584,0.593,0.8,1.0,0.781,0.9,2.1,3.0,1.1,0.6,0.4,1.0,1.7,9.1
Jordan Ford,PG,25,SAC,6,0,3.7,0.7,1.2,0.571,0.3,0.5,0.667,0.3,0.7,0.5,0.714,0.3,0.3,1.0,0.0,0.3,0.3,0.3,0.0,0.0,0.2,0.0,2.0
Trent Forrest,SG,25,ATL,8,0,8.1,0.4,1.9,0.2,0.0,0.1,0.0,0.4,1.8,0.214,0.2,0.5,0.5,1.0,0.5,0.5,1.0,1.5,0.3,0.0,0.4,0.6,1.3
Evan Fournier,SG,31,NYK,2,0,16.5,2.0,8.0,0.25,1.0,6.0,0.167,1.0,2.0,0.5,0.313,1.0,1.0,1.0,0.0,1.5,1.5,1.5,2.0,0.0,0.5,1.0,6.0
De'Aaron Fox,PG,26,SAC,25,25,35.3,10.5,21.8,0.483,3.6,8.8,0.403,7.0,12.9,0.539,0.565,5.4,7.4,0.72,1.0,3.6,4.6,6.1,1.6,0.4,2.6,2.7,30.0
Alex Fudge,SF,20,LAL,4,0,3.5,0.3,1.5,0.167,0.0,0.5,0.0,0.3,1.0,0.25,0.167,0.5,0.5,1.0,0.5,0.0,0.5,0.0,0.0,0.0,0.3,0.3,1.0
Markelle Fultz,PG,25,ORL,5,5,28.6,5.4,11.2,0.482,0.0,0.6,0.0,5.4,10.6,0.509,0.482,0.6,0.8,0.75,1.6,1.8,3.4,4.0,1.2,0.4,1.2,1.2,11.4
Daniel Gafford,C,25,WAS,29,29,25.7,4.4,6.4,0.684,0.0,0.0,,4.4,6.4,0.684,0.684,2.0,2.7,0.734,2.8,4.9,7.7,1.6,0.9,2.2,1.1,3.4,10.8
Danilo Gallinari,PF,35,WAS,26,0,14.8,2.2,5.0,0.435,0.8,2.5,0.313,1.4,2.6,0.552,0.511,1.8,2.2,0.839,0.5,2.5,2.9,1.2,0.2,0.1,0.5,1.0,7.0
Darius Garland,PG,24,CLE,20,20,34.0,7.6,16.1,0.47,1.8,5.2,0.346,5.8,10.9,0.53,0.526,3.8,4.6,0.835,0.6,2.2,2.8,5.9,1.6,0.2,3.8,1.6,20.7
Usman Garuba,PF,21,GSW,2,0,3.0,0.0,0.5,0.0,0.0,0.0,,0.0,0.5,0.0,0.0,0.0,0.0,,0.0,0.0,0.0,0.5,0.5,0.0,0.0,0.5,0.0
Luka Garza,C,25,MIN,6,0,3.0,0.7,2.0,0.333,0.0,0.5,0.0,0.7,1.5,0.444,0.333,0.8,1.3,0.625,0.5,0.7,1.2,0.3,0.0,0.0,0.2,1.0,2.2
Kaiser Gates,SF,27,NOP,1,0,7.0,0.0,4.0,0.0,0.0,2.0,0.0,0.0,2.0,0.0,0.0,0.0,0.0,,0.0,1.0,1.0,0.0,0.0,0.0,0.0,0.0,0.0
Keyonte George,PG,20,UTA,28,16,25.7,3.5,9.5,0.365,1.8,5.2,0.336,1.7,4.3,0.4,0.457,2.4,3.1,0.782,0.4,2.6,3.0,4.8,0.5,0.1,2.2,1.2,11.1
Paul George,PF,33,LAC,30,30,34.5,8.0,17.7,0.451,3.3,8.2,0.398,4.7,9.5,0.497,0.543,3.6,3.9,0.931,0.7,4.8,5.5,4.0,1.6,0.3,2.3,3.0,22.9
Taj Gibson,PF,38,NYK,10,0,9.7,0.7,1.4,0.5,0.0,0.4,0.0,0.7,1.0,0.7,0.5,0.0,0.0,,0.6,1.2,1.8,0.5,0.1,0.6,0.2,2.0,1.4
Josh Giddey,SG,21,OKC,30,30,25.3,5.0,11.1,0.45,0.9,2.6,0.346,4.1,8.5,0.482,0.491,0.9,1.2,0.8,1.5,4.5,6.0,4.4,0.8,0.4,2.5,1.4,11.8
Harry Giles,C,25,BRK,9,0,5.6,1.6,3.0,0.519,0.1,0.6,0.2,1.4,2.4,0.591,0.537,0.7,1.0,0.667,0.8,0.8,1.6,0.1,0.1,0.2,0.2,0.8,3.9
Shai Gilgeous-Alexander,PG,25,OKC,30,30,34.7,11.2,20.6,0.546,1.1,3.4,0.317,10.2,17.2,0.591,0.572,7.7,8.4,0.916,0.8,4.8,5.7,6.3,2.6,0.8,2.0,2.3,31.2
Anthony Gill,PF,31,WAS,20,0,6.6,1.0,1.9,0.5,0.0,0.4,0.0,1.0,1.5,0.633,0.5,0.6,0.7,0.786,0.6,0.9,1.5,0.5,0.2,0.3,0.5,0.6,2.5
Collin Gillespie,PG,24,DEN,11,0,7.8,0.7,1.8,0.4,0.3,1.1,0.25,0.5,0.7,0.625,0.475,0.1,0.1,1.0,0.1,0.3,0.4,0.7,0.5,0.0,0.4,0.9,1.8
Jacob Gilyard,PG,25,MEM,20,8,15.6,1.3,3.1,0.426,1.2,2.6,0.442,0.2,0.5,0.333,0.615,0.1,0.1,1.0,0.3,0.7,1.0,3.0,0.6,0.1,0.7,1.0,3.8
Rudy Gobert,C,31,MIN,32,32,32.7,4.9,7.9,0.619,0.0,0.0,0.0,4.9,7.8,0.622,0.619,3.1,4.9,0.635,3.5,8.6,12.1,1.2,0.7,2.1,1.6,2.8,12.8
Jordan Goodwin,PG,25,PHO,31,0,17.0,2.1,5.7,0.369,0.7,2.5,0.295,1.4,3.2,0.429,0.435,0.7,0.9,0.852,1.2,2.5,3.7,2.4,0.6,0.3,0.9,1.3,5.7
Aaron Gordon,PF,28,DEN,29,29,31.7,5.5,10.3,0.53,0.5,1.8,0.264,5.0,8.5,0.587,0.553,2.0,3.3,0.604,2.8,3.9,6.7,3.3,1.0,0.6,1.4,1.6,13.4
Eric Gordon,SG,35,PHO,29,19,31.6,5.1,10.9,0.465,2.7,6.6,0.406,2.4,4.3,0.556,0.589,0.7,0.9,0.731,0.3,1.7,2.0,2.5,1.0,0.6,1.3,1.4,13.5
Devonte' Graham,PG,28,SAS,7,0,9.7,1.0,2.7,0.368,0.6,1.7,0.333,0.4,1.0,0.429,0.474,0.9,1.1,0.75,0.3,1.1,1.4,2.4,0.3,0.1,0.4,0.4,3.4
Jerami Grant,PF,29,POR,28,28,34.9,7.5,16.4,0.459,2.4,5.8,0.417,5.1,10.5,0.481,0.533,4.7,5.8,0.81,0.7,3.2,3.9,2.6,0.7,0.8,2.4,2.3,22.1
A.J. Green,SG,24,MIL,21,0,7.2,1.0,2.4,0.44,0.9,2.1,0.432,0.1,0.3,0.5,0.63,0.0,0.0,1.0,0.1,0.6,0.8,0.6,0.0,0.0,0.0,0.8,3.0
Danny Green,SG,36,PHI,2,0,9.0,0.0,1.0,0.0,0.0,0.5,0.0,0.0,0.5,0.0,0.0,0.0,0.0,,0.0,1.0,1.0,0.5,0.5,0.0,0.0,0.5,0.0
Draymond Green,PF,33,GSW,15,15,25.1,3.4,6.9,0.49,1.2,2.8,0.429,2.2,4.1,0.532,0.577,1.7,2.0,0.833,1.5,4.1,5.5,5.8,0.4,0.7,2.4,3.0,9.7
Jalen Green,SG,21,HOU,31,31,30.1,5.8,14.3,0.407,2.2,6.2,0.352,3.6,8.0,0.45,0.484,3.7,4.6,0.804,0.4,4.1,4.5,3.1,0.6,0.4,2.2,1.3,17.5
Jeff Green,PF,37,HOU,30,1,15.5,2.1,3.8,0.548,0.3,1.1,0.281,1.8,2.8,0.651,0.587,1.9,2.4,0.817,0.7,1.4,2.1,0.7,0.2,0.5,0.7,1.4,6.4
Josh Green,SG,23,DAL,22,5,24.4,2.5,5.8,0.422,1.2,3.2,0.366,1.3,2.6,0.491,0.523,0.5,0.9,0.6,0.5,2.1,2.6,2.5,0.9,0.1,1.0,1.6,6.6
AJ Griffin,SF,20,ATL,12,0,9.2,0.8,2.8,0.294,0.7,2.1,0.32,0.2,0.8,0.222,0.412,0.2,0.2,1.0,0.2,0.8,1.0,0.3,0.1,0.0,0.3,0.5,2.5
Quentin Grimes,SG,23,NYK,30,18,20.4,2.2,5.6,0.396,1.6,4.3,0.377,0.6,1.3,0.462,0.541,0.1,0.3,0.5,0.3,1.2,1.5,1.1,0.6,0.0,0.4,1.5,6.2
Mouhamed Gueye,PF,21,ATL,2,0,2.0,0.0,0.5,0.0,0.0,0.5,0.0,0.0,0.0,,0.0,0.0,0.0,,0.0,0.0,0.0,0.0,0.5,0.0,0.0,0.5,0.0
Rui Hachimura,PF,25,LAL,25,5,23.5,4.5,9.2,0.485,1.1,3.0,0.368,3.4,6.2,0.542,0.545,1.5,2.0,0.76,0.8,2.8,3.6,1.1,0.7,0.2,0.8,1.4,11.6
Tyrese Haliburton,PG,23,IND,29,29,34.3,8.8,17.6,0.501,3.5,8.7,0.406,5.3,9.0,0.592,0.601,3.5,4.1,0.856,0.7,3.5,4.2,12.7,1.0,0.6,2.6,1.1,24.7
R.J. Hampton,PG,22,MIA,6,2,12.2,0.7,2.3,0.286,0.2,1.3,0.125,0.5,1.0,0.5,0.321,0.2,0.3,0.5,0.3,0.7,1.0,1.2,0.0,0.0,0.5,1.2,1.7
Tim Hardaway Jr.,SF,31,DAL,31,4,29.0,6.0,14.6,0.41,3.2,9.1,0.351,2.8,5.5,0.506,0.519,2.3,2.7,0.867,0.3,3.4,3.7,1.7,0.4,0.0,0.8,1.3,17.5
James Harden,PG,34,LAC,27,27,34.0,5.2,11.1,0.467,2.7,6.4,0.428,2.4,4.7,0.52,0.59,4.4,5.1,0.863,0.3,4.4,4.8,8.0,1.4,1.0,2.6,2.1,17.6
Jaden Hardy,SG,21,DAL,29,3,15.1,2.8,7.5,0.369,1.3,3.8,0.355,1.4,3.7,0.383,0.459,0.8,1.1,0.667,0.3,1.7,1.9,1.4,0.4,0.0,0.7,1.2,7.6
Ron Harper Jr.,PF,23,TOR,1,0,4.0,0.0,0.0,,0.0,0.0,,0.0,0.0,,,0.0,0.0,,0.0,0.0,0.0,1.0,0.0,0.0,0.0,2.0,0.0
Gary Harris,SG,29,ORL,25,5,23.0,2.4,5.7,0.427,1.3,4.0,0.333,1.1,1.8,0.636,0.542,1.0,1.2,0.8,0.5,1.2,1.7,1.9,0.9,0.2,0.5,1.8,7.2
Joe Harris,SG,32,DET,12,0,11.5,0.8,2.6,0.323,0.6,2.0,0.292,0.3,0.6,0.429,0.435,0.1,0.2,0.5,0.3,0.7,0.9,0.8,0.3,0.2,0.3,1.3,2.3
Tobias Harris,PF,31,PHI,32,32,34.1,6.6,12.9,0.507,1.2,3.4,0.358,5.3,9.5,0.561,0.554,2.9,3.2,0.902,1.0,5.1,6.1,3.1,1.0,0.5,1.7,1.7,17.2
Shaquille Harrison,SG,30,MEM,3,0,2.0,0.3,0.7,0.5,0.0,0.0,,0.3,0.7,0.5,0.5,0.0,0.0,,0.0,0.7,0.7,0.0,0.0,0.3,0.0,0.0,0.7
Josh Hart,SF,28,NYK,33,6,28.4,3.0,6.5,0.456,1.0,2.8,0.348,2.0,3.7,0.537,0.53,0.6,0.8,0.778,1.1,5.0,6.1,2.8,0.9,0.2,1.1,1.9,7.5
Isaiah Hartenstein,C,25,NYK,33,7,22.9,2.4,4.1,0.585,0.0,0.1,0.333,2.4,4.0,0.591,0.589,1.3,1.9,0.688,3.1,3.8,6.9,1.7,1.0,0.9,1.0,2.9,6.2
Sam Hauser,SF,26,BOS,32,4,22.7,3.0,6.6,0.45,2.4,5.7,0.418,0.6,0.9,0.655,0.63,0.3,0.3,0.8,0.8,2.8,3.6,1.0,0.5,0.3,0.5,1.5,8.6
Jordan Hawkins,SG,21,NOP,28,9,23.3,3.4,8.9,0.38,2.1,5.9,0.36,1.3,3.1,0.419,0.498,1.5,1.7,0.872,0.6,2.5,3.1,1.5,0.4,0.0,0.8,1.6,10.4
Jaxson Hayes,C,23,LAL,30,1,10.5,1.3,1.9,0.655,0.0,0.1,0.0,1.3,1.8,0.704,0.655,0.5,0.9,0.536,0.5,1.4,1.9,0.3,0.2,0.3,0.5,1.8,3.0
Killian Hayes,PG,22,DET,28,21,25.0,3.4,8.1,0.419,0.7,2.2,0.311,2.7,5.9,0.458,0.46,1.0,1.6,0.659,0.3,2.6,2.9,4.2,1.0,0.5,1.2,1.9,8.5
Gordon Hayward,SF,33,CHO,25,25,31.9,5.6,11.9,0.468,0.9,2.4,0.361,4.7,9.4,0.496,0.505,2.5,3.2,0.765,1.0,3.7,4.7,4.6,1.1,0.5,2.0,1.8,14.5
Scoot Henderson,PG,19,POR,23,8,27.4,4.6,12.3,0.373,1.1,3.9,0.289,3.5,8.4,0.412,0.419,2.1,2.7,0.787,0.9,2.0,2.8,4.8,0.6,0.3,3.2,3.7,12.4
Taylor Hendricks,PF,20,UTA,11,0,15.9,1.9,5.0,0.382,0.9,2.9,0.313,1.0,2.1,0.478,0.473,0.5,0.7,0.75,1.0,1.5,2.5,0.5,0.7,0.5,0.7,1.0,5.3
Tyler Herro,SG,24,MIA,15,15,34.5,8.7,19.1,0.455,3.3,7.9,0.424,5.3,11.2,0.476,0.542,2.7,3.1,0.872,0.6,4.9,5.5,4.5,1.3,0.1,2.7,1.3,23.4
Buddy Hield,SF,31,IND,32,16,26.3,4.7,10.7,0.437,2.8,7.5,0.379,1.8,3.2,0.573,0.57,0.6,0.7,0.864,0.8,2.6,3.4,2.6,0.8,0.7,1.5,1.9,12.8
Haywood Highsmith,PF,27,MIA,21,15,21.1,2.1,5.2,0.409,1.0,3.2,0.324,1.1,2.0,0.548,0.509,0.7,0.9,0.778,0.9,2.0,2.9,1.4,1.1,0.6,0.9,2.2,6.0
Nate Hinton,SG,24,HOU,5,0,5.2,0.8,1.8,0.444,0.8,1.0,0.8,0.0,0.8,0.0,0.667,0.0,0.0,,0.4,0.6,1.0,0.2,0.0,0.0,0.2,1.0,2.4
D'Moi Hodge,SG,25,LAL,7,0,5.9,0.7,2.1,0.333,0.4,1.7,0.25,0.3,0.4,0.667,0.433,0.1,0.3,0.5,0.0,0.0,0.0,0.7,0.1,0.1,0.1,0.6,2.0
Aaron Holiday,PG,27,HOU,29,1,18.1,2.6,5.9,0.439,1.3,3.2,0.413,1.3,2.7,0.468,0.55,0.6,0.7,0.895,0.3,1.7,2.0,1.8,0.5,0.1,0.8,1.7,7.1
Jrue Holiday,PG,33,BOS,29,29,34.7,5.0,10.9,0.459,1.9,4.5,0.42,3.1,6.4,0.486,0.546,1.2,1.5,0.818,1.7,4.9,6.6,4.7,0.9,0.8,2.0,1.7,13.1
Justin Holiday,SG,34,DEN,19,6,15.5,1.7,3.3,0.508,1.1,2.3,0.465,0.6,1.1,0.6,0.667,0.0,0.0,,0.2,1.3,1.5,1.2,0.7,0.1,0.3,1.3,4.4
Richaun Holmes,C,30,DAL,16,1,10.6,1.4,2.9,0.5,0.0,0.0,,1.4,2.9,0.5,0.5,0.6,1.1,0.5,1.6,2.2,3.8,0.5,0.1,0.4,0.6,1.4,3.4
Chet Holmgren,C,21,OKC,31,31,29.9,6.5,12.0,0.543,1.7,4.2,0.4,4.8,7.8,0.62,0.613,3.0,3.6,0.838,1.6,6.1,7.8,2.5,0.7,2.7,1.8,2.7,17.7
Jalen Hood-Schifino,SG,20,LAL,7,0,9.0,0.9,3.4,0.25,0.1,1.3,0.111,0.7,2.1,0.333,0.271,0.7,1.4,0.5,0.1,0.7,0.9,0.7,0.3,0.1,0.7,1.1,2.6
Al Horford,C,37,BOS,27,12,26.7,2.9,6.0,0.478,1.4,3.8,0.379,1.4,2.1,0.655,0.599,0.4,0.4,1.0,1.6,5.5,7.0,2.9,0.4,1.0,0.9,1.6,7.5
Talen Horton-Tucker,PG,23,UTA,29,11,22.3,4.1,10.0,0.412,1.3,3.8,0.336,2.8,6.2,0.458,0.476,1.6,1.9,0.818,0.4,2.2,2.6,4.3,1.0,0.4,1.8,2.1,11.0
Danuel House Jr.,SF,30,PHI,20,0,11.8,1.1,2.6,0.423,0.6,1.5,0.379,0.6,1.2,0.478,0.529,0.7,0.9,0.722,0.4,0.9,1.3,0.8,0.3,0.1,0.7,0.8,3.4
Caleb Houstan,SF,21,ORL,23,0,12.1,1.0,2.8,0.375,0.9,2.6,0.35,0.1,0.2,0.75,0.539,0.3,0.3,1.0,0.5,1.2,1.7,0.4,0.1,0.0,0.3,0.9,3.3
Jett Howard,SF,20,ORL,9,0,4.0,0.6,1.8,0.313,0.3,1.3,0.25,0.2,0.4,0.5,0.406,0.1,0.2,0.5,0.1,0.3,0.4,0.3,0.0,0.0,0.2,0.1,1.6
Kevin Huerter,SG,25,SAC,30,29,24.2,3.9,9.2,0.428,1.9,5.5,0.352,2.0,3.7,0.541,0.533,0.6,0.8,0.783,0.6,3.1,3.7,2.6,0.6,0.3,0.6,2.2,10.4
Jay Huff,C,25,DEN,2,0,1.0,0.5,0.5,1.0,0.0,0.0,,0.5,0.5,1.0,1.0,0.0,0.0,,0.0,0.0,0.0,0.0,0.0,0.0,0.0,0.0,1.0
De'Andre Hunter,SF,26,ATL,24,24,30.3,5.1,11.0,0.46,1.9,4.8,0.404,3.2,6.3,0.503,0.547,2.8,3.1,0.907,0.6,3.5,4.1,1.4,0.8,0.4,1.5,3.0,14.9
Bones Hyland,PG,23,LAC,15,2,15.1,2.8,6.9,0.404,1.3,3.7,0.364,1.5,3.3,0.449,0.5,0.7,0.8,0.833,0.1,0.9,1.0,1.8,0.5,0.0,1.3,1.5,7.6
Joe Ingles,SF,36,ORL,24,0,18.2,1.6,3.9,0.404,1.0,2.5,0.407,0.6,1.5,0.4,0.532,0.7,0.8,0.895,0.5,2.3,2.8,3.4,0.8,0.1,0.8,1.5,4.9
Brandon Ingram,SF,26,NOP,30,30,34.0,8.8,17.5,0.501,1.4,4.0,0.347,7.4,13.5,0.547,0.541,4.4,5.4,0.815,0.7,4.1,4.8,5.5,0.8,0.5,2.6,2.2,23.3
Kyrie Irving,SG,31,DAL,18,18,31.8,8.4,18.0,0.469,2.5,6.4,0.391,5.9,11.6,0.512,0.539,3.1,3.5,0.889,0.6,3.6,4.2,5.1,1.1,0.3,1.3,1.9,22.5
Jonathan Isaac,PF,26,ORL,21,0,13.6,2.3,5.0,0.453,0.6,2.2,0.277,1.7,2.8,0.593,0.514,1.2,1.5,0.781,1.1,3.0,4.1,0.3,0.9,1.2,0.6,1.3,6.4
Jaden Ivey,SG,21,DET,29,13,25.6,4.4,9.7,0.457,1.1,3.3,0.33,3.3,6.3,0.525,0.514,3.0,3.9,0.772,1.2,2.4,3.6,3.1,0.8,0.6,2.0,2.8,13.0
Andre Jackson Jr.,SG,22,MIL,27,5,9.7,0.9,1.7,0.532,0.4,1.0,0.423,0.5,0.8,0.667,0.649,0.1,0.1,0.75,0.8,0.9,1.6,0.9,0.3,0.0,0.5,1.7,2.4
Gregory Jackson II,PF,19,MEM,4,0,4.8,0.8,2.5,0.3,0.5,1.3,0.4,0.3,1.3,0.2,0.4,0.0,0.0,,0.3,0.5,0.8,0.0,0.3,0.3,0.3,0.5,2.0
Isaiah Jackson,C,22,IND,24,1,14.4,2.9,4.3,0.673,0.0,0.1,0.0,2.9,4.3,0.686,0.673,1.5,2.1,0.725,1.5,2.9,4.4,0.9,0.6,1.3,0.6,2.8,7.4
Jaren Jackson Jr.,C,24,MEM,32,32,31.5,7.2,15.6,0.458,1.6,4.9,0.327,5.6,10.8,0.517,0.509,5.1,6.2,0.832,1.4,4.2,5.5,1.7,0.8,1.6,1.9,3.6,21.0
Reggie Jackson,PG,33,DEN,35,14,23.8,4.9,10.5,0.47,1.5,3.9,0.384,3.4,6.5,0.522,0.542,1.0,1.4,0.729,0.3,1.9,2.2,4.4,0.7,0.2,1.5,2.0,12.3
Trayce Jackson-Davis,PF,23,GSW,22,1,12.4,2.3,3.6,0.638,0.0,0.0,,2.3,3.6,0.638,0.638,1.0,1.7,0.605,1.6,2.3,4.0,0.9,0.3,0.7,0.6,1.7,5.7
LeBron James,PF,39,LAL,31,31,34.2,9.4,17.6,0.535,2.3,5.5,0.409,7.2,12.1,0.592,0.599,4.3,5.8,0.749,0.9,6.5,7.4,7.4,1.4,0.7,3.3,1.1,25.4
Jaime Jaquez Jr.,SF,22,MIA,33,9,29.7,5.3,10.5,0.504,1.1,3.0,0.354,4.2,7.5,0.565,0.555,2.1,2.5,0.852,1.3,2.6,3.9,2.6,1.1,0.3,1.6,2.5,13.7
DaQuan Jeffries,SG,26,NYK,10,0,3.0,0.5,1.2,0.417,0.1,0.5,0.2,0.4,0.7,0.571,0.458,0.0,0.2,0.0,0.0,0.5,0.5,0.2,0.0,0.0,0.1,0.2,1.1
Ty Jerome,SG,26,CLE,2,0,7.5,1.0,2.0,0.5,0.0,0.5,0.0,1.0,1.5,0.667,0.5,0.0,0.0,,0.5,0.0,0.5,1.5,0.0,0.0,0.5,1.0,2.0
Isaiah Joe,SG,24,OKC,31,0,19.9,3.1,6.9,0.442,2.3,5.4,0.422,0.8,1.6,0.51,0.605,0.9,1.1,0.824,0.2,2.1,2.3,1.1,0.7,0.4,0.5,1.2,9.3
Cameron Johnson,PF,27,BRK,25,25,28.9,5.5,11.5,0.479,2.5,6.1,0.414,3.0,5.4,0.551,0.589,1.4,1.8,0.773,1.3,3.6,4.9,2.4,0.8,0.1,1.0,1.9,14.9
Jalen Johnson,SF,22,ATL,18,15,30.5,5.8,9.7,0.594,1.1,2.7,0.408,4.7,7.0,0.667,0.651,1.9,2.4,0.773,1.4,6.7,8.1,2.7,1.0,0.9,2.1,2.1,14.6
James Johnson,PF,36,IND,3,0,5.3,0.3,0.7,0.5,0.0,0.0,,0.3,0.7,0.5,0.5,0.0,0.0,,0.3,0.7,1.0,1.3,0.3,0.0,0.3,0.7,0.7
Keldon Johnson,SF,24,SAS,30,26,32.5,6.4,13.9,0.464,1.9,5.6,0.345,4.5,8.3,0.544,0.534,2.8,3.7,0.757,1.3,4.9,6.3,3.9,0.9,0.2,1.7,2.5,17.6
Keon Johnson,SG,21,BRK,1,0,21.0,3.0,8.0,0.375,2.0,4.0,0.5,1.0,4.0,0.25,0.5,4.0,4.0,1.0,0.0,1.0,1.0,1.0,1.0,1.0,1.0,1.0,12.0
Keyontae Johnson,SF,23,OKC,1,0,6.0,0.0,1.0,0.0,0.0,0.0,,0.0,1.0,0.0,0.0,0.0,0.0,,0.0,0.0,0.0,0.0,0.0,0.0,0.0,0.0,0.0
Nikola Jokić,C,28,DEN,34,34,33.4,9.9,17.8,0.559,1.1,3.3,0.333,8.9,14.5,0.609,0.589,4.8,5.8,0.818,3.0,9.2,12.3,9.1,1.1,0.9,2.7,2.6,25.7
Colby Jones,SG,21,SAC,12,0,6.4,1.2,2.6,0.452,0.1,0.7,0.125,1.1,1.9,0.565,0.468,0.2,0.3,0.667,0.6,0.8,1.3,0.2,0.2,0.1,0.3,0.9,2.6
Damian Jones,C,28,CLE,13,0,5.3,0.5,1.0,0.538,0.1,0.2,0.5,0.5,0.8,0.545,0.577,0.2,0.2,0.667,0.3,0.8,1.1,0.3,0.2,0.2,0.4,0.7,1.3
Derrick Jones Jr.,SF,26,DAL,33,32,25.4,3.7,7.9,0.469,1.5,4.3,0.348,2.2,3.6,0.613,0.563,1.5,1.9,0.762,1.3,2.5,3.8,1.0,0.9,0.8,0.9,1.8,10.3
Herbert Jones,SF,25,NOP,30,30,29.6,3.7,7.8,0.468,1.1,3.3,0.323,2.6,4.5,0.574,0.536,2.1,2.4,0.863,1.2,2.7,3.9,2.6,1.4,1.0,1.2,3.1,10.5
Tre Jones,PG,24,SAS,28,0,23.4,3.3,7.0,0.469,0.5,2.1,0.237,2.8,4.9,0.569,0.505,1.1,1.3,0.838,0.7,2.1,2.8,4.9,0.8,0.1,1.4,1.2,8.2
Tyus Jones,PG,27,WAS,32,32,28.0,5.3,9.8,0.537,1.5,3.5,0.425,3.8,6.3,0.599,0.613,0.5,0.7,0.773,0.3,2.7,3.0,5.5,1.2,0.3,0.8,0.8,12.6
DeAndre Jordan,C,35,DEN,14,1,13.2,2.0,3.3,0.609,0.0,0.0,,2.0,3.3,0.609,0.609,0.8,2.2,0.355,2.1,3.2,5.3,1.1,0.4,0.5,0.9,1.6,4.8
Cory Joseph,PG,32,GSW,15,0,9.7,0.6,2.3,0.257,0.3,1.5,0.182,0.3,0.9,0.385,0.314,0.3,0.5,0.571,0.1,0.7,0.8,1.7,0.3,0.1,0.5,0.9,1.7
Nikola Jović,PF,20,MIA,7,2,11.6,1.6,3.0,0.524,0.9,1.7,0.5,0.7,1.3,0.556,0.667,0.9,1.3,0.667,0.6,3.4,4.0,2.0,0.3,0.1,0.9,2.4,4.9
Johnny Juzang,SG,22,UTA,1,0,4.0,0.0,2.0,0.0,0.0,2.0,0.0,0.0,0.0,,0.0,0.0,0.0,,0.0,0.0,0.0,1.0,0.0,0.0,0.0,0.0,0.0
Luke Kennard,SG,27,MEM,9,0,21.3,3.0,7.4,0.403,2.4,6.0,0.407,0.6,1.4,0.385,0.567,0.8,0.8,1.0,0.3,2.6,2.9,2.0,0.6,0.1,0.7,0.7,9.2
Walker Kessler,C,22,UTA,26,13,25.0,4.1,6.7,0.618,0.2,0.6,0.25,4.0,6.0,0.656,0.63,0.7,1.3,0.515,2.8,5.3,8.1,0.8,0.5,2.7,1.2,2.0,9.0
Braxton Key,SF,26,DEN,9,0,3.2,0.3,1.1,0.3,0.0,0.2,0.0,0.3,0.9,0.375,0.3,0.2,0.3,0.667,0.1,0.6,0.7,0.7,0.1,0.0,0.0,0.3,0.9
Corey Kispert,SF,24,WAS,31,1,22.5,4.1,8.6,0.472,2.1,5.5,0.379,2.0,3.2,0.633,0.592,1.5,2.0,0.738,0.4,1.8,2.2,1.5,0.4,0.2,0.9,1.7,11.6
Maxi Kleber,C,32,DAL,5,1,18.0,0.8,3.2,0.25,0.6,1.8,0.333,0.2,1.4,0.143,0.344,1.2,2.0,0.6,0.8,3.4,4.2,2.0,0.2,0.2,0.8,1.6,3.4
Kevin Knox,SF,24,DET,15,5,17.2,2.9,5.9,0.489,1.1,3.2,0.354,1.7,2.7,0.65,0.585,0.5,0.6,0.889,0.4,1.9,2.3,0.5,0.5,0.2,0.7,1.7,7.4
John Konchar,SF,27,MEM,25,2,17.5,1.3,3.4,0.381,0.7,2.2,0.327,0.6,1.2,0.483,0.488,0.3,0.4,0.778,1.1,3.0,4.1,1.4,0.8,0.7,0.5,1.1,3.6
Furkan Korkmaz,SG,26,PHI,21,0,6.7,0.7,1.8,0.378,0.2,0.9,0.263,0.4,0.9,0.5,0.446,0.3,0.4,0.778,0.0,0.4,0.5,0.5,0.5,0.0,0.3,0.4,1.9
Luke Kornet,C,28,BOS,19,1,14.2,2.4,3.2,0.754,0.0,0.0,,2.4,3.2,0.754,0.754,0.7,0.8,0.875,1.7,1.8,3.6,0.8,0.4,0.9,0.4,1.2,5.6
Jonathan Kuminga,PF,21,GSW,31,10,21.8,4.7,9.3,0.502,0.7,2.5,0.289,4.0,6.9,0.577,0.54,2.5,3.6,0.673,1.3,2.8,4.0,1.3,0.6,0.3,1.4,2.2,12.5
Kyle Kuzma,PF,28,WAS,32,32,31.3,8.9,19.2,0.466,2.5,7.0,0.357,6.4,12.2,0.528,0.531,2.7,3.5,0.768,0.9,5.3,6.2,4.3,0.3,0.6,2.6,2.2,23.1
Jock Landale,C,28,HOU,20,0,8.9,0.8,2.1,0.357,0.1,0.7,0.154,0.7,1.5,0.448,0.381,0.4,0.5,0.8,1.0,1.0,1.9,0.5,0.3,0.3,0.4,1.0,2.0
Jake LaRavia,PF,22,MEM,8,0,12.4,1.4,4.0,0.344,0.4,2.5,0.15,1.0,1.5,0.667,0.391,0.1,0.3,0.5,0.6,0.8,1.4,0.6,0.1,0.0,0.5,1.9,3.3
Zach LaVine,SG,28,CHI,18,18,35.3,7.3,16.6,0.443,2.4,7.1,0.336,4.9,9.4,0.524,0.515,3.9,4.6,0.866,0.3,4.6,4.9,3.4,0.9,0.2,2.0,2.1,21.0
A.J. Lawson,SG,23,DAL,13,0,9.8,1.7,3.4,0.5,0.5,1.8,0.304,1.2,1.6,0.714,0.58,0.4,0.6,0.625,0.5,0.8,1.2,0.5,0.5,0.1,0.5,0.5,4.3
Saben Lee,PG,24,PHO,7,0,8.3,1.1,2.6,0.444,0.0,0.6,0.0,1.1,2.0,0.571,0.444,1.4,1.6,0.909,0.4,0.7,1.1,1.6,0.3,0.3,0.4,0.7,3.7
Alex Len,C,30,SAC,9,0,7.6,0.8,1.2,0.636,0.0,0.1,0.0,0.8,1.1,0.7,0.636,0.3,0.8,0.429,1.3,1.9,3.2,1.1,0.1,0.7,0.4,0.6,1.9
Kawhi Leonard,SF,32,LAC,28,28,34.5,9.1,17.4,0.522,2.3,5.4,0.428,6.8,12.0,0.564,0.588,3.9,4.5,0.872,1.1,4.9,5.9,3.6,1.6,0.7,1.5,1.4,24.4
Caris LeVert,SG,29,CLE,25,1,29.2,5.8,13.8,0.42,1.8,5.7,0.324,4.0,8.1,0.488,0.487,2.5,3.3,0.759,0.4,3.0,3.4,3.9,1.0,0.4,1.4,1.7,16.0
Kira Lewis Jr.,PG,22,NOP,13,0,10.1,1.2,3.6,0.319,0.2,1.3,0.118,1.0,2.3,0.433,0.34,0.6,0.7,0.889,0.2,0.6,0.8,1.4,0.4,0.1,0.5,0.6,3.1
Maxwell Lewis,SF,21,LAL,12,0,4.4,0.1,0.8,0.111,0.1,0.3,0.333,0.0,0.5,0.0,0.167,0.0,0.0,,0.1,0.2,0.3,0.3,0.2,0.0,0.4,0.2,0.3
E.J. Liddell,PF,23,NOP,3,0,3.0,0.3,1.3,0.25,0.0,1.0,0.0,0.3,0.3,1.0,0.25,0.7,0.7,1.0,0.0,0.7,0.7,0.0,0.0,0.3,0.3,0.3,1.3
Damian Lillard,PG,33,MIL,31,31,35.2,7.4,17.1,0.431,3.2,8.7,0.365,4.2,8.4,0.5,0.524,7.5,8.1,0.924,0.6,3.9,4.5,6.8,1.0,0.2,2.7,1.7,25.5
Nassir Little,SF,23,PHO,23,2,15.6,1.9,4.0,0.484,0.7,2.2,0.32,1.2,1.8,0.683,0.571,0.7,0.8,0.842,0.6,2.0,2.6,0.7,0.4,0.3,0.5,1.3,5.2
Dereck Lively II,C,19,DAL,28,27,25.5,4.1,5.6,0.728,0.0,0.1,0.0,4.1,5.6,0.737,0.728,0.8,1.5,0.548,2.8,5.0,7.7,1.2,0.6,1.4,1.2,3.0,9.0
Isaiah Livers,PF,25,DET,17,1,19.5,1.5,5.2,0.295,0.9,3.5,0.25,0.6,1.6,0.393,0.381,0.5,0.9,0.6,0.4,1.5,1.9,1.1,0.5,0.2,0.9,1.6,4.5
Chris Livingston,SF,20,MIL,7,0,3.3,0.6,0.7,0.8,0.1,0.1,1.0,0.4,0.6,0.75,0.9,0.0,0.0,,0.1,0.7,0.9,0.3,0.1,0.0,0.1,0.3,1.3
Kenneth Lofton Jr.,PF,21,MEM,15,0,6.6,0.9,2.5,0.378,0.2,0.7,0.3,0.7,1.8,0.407,0.419,0.5,1.0,0.533,0.1,0.9,1.0,0.9,0.2,0.2,0.4,1.0,2.6
Kevon Looney,C,27,GSW,32,28,20.9,2.2,3.8,0.582,0.0,0.0,,2.2,3.8,0.582,0.582,0.9,1.3,0.683,2.6,4.9,7.5,2.6,0.6,0.3,0.8,2.4,5.3
Brook Lopez,C,35,MIL,33,33,31.1,4.8,9.9,0.479,1.6,5.0,0.325,3.1,4.9,0.636,0.561,1.7,2.0,0.821,1.5,3.5,5.1,1.4,0.7,3.1,0.8,2.8,12.8
Robin Lopez,C,35,MIL,8,0,2.9,0.3,0.6,0.4,0.3,0.5,0.5,0.0,0.1,0.0,0.6,0.3,0.3,1.0,0.0,0.1,0.1,0.3,0.0,0.1,0.1,0.4,1.0
Kevin Love,PF,35,MIA,26,5,18.7,3.1,7.1,0.435,1.8,5.1,0.353,1.3,2.0,0.647,0.563,1.7,2.2,0.804,0.9,5.7,6.6,2.6,0.3,0.2,0.7,1.8,9.7
Kyle Lowry,PG,37,MIA,29,29,29.1,3.1,6.8,0.464,2.0,4.5,0.435,1.2,2.2,0.523,0.61,1.1,1.3,0.842,0.7,2.9,3.6,4.1,1.1,0.3,1.4,2.7,9.3
Seth Lundy,SF,23,ATL,4,0,7.5,0.5,2.5,0.2,0.3,2.0,0.125,0.3,0.5,0.5,0.25,0.0,0.0,,0.3,0.5,0.8,0.0,0.0,0.0,0.3,1.3,1.3
Trey Lyles,PF,28,SAC,18,0,19.8,2.4,5.3,0.458,1.4,3.9,0.357,1.1,1.4,0.731,0.589,0.8,1.3,0.625,0.9,4.3,5.2,1.4,0.1,0.4,0.8,1.7,7.1
Théo Maledon,PG,22,CHO,13,1,15.4,1.5,5.1,0.288,0.4,2.3,0.167,1.1,2.8,0.389,0.326,0.8,0.9,0.917,0.3,1.5,1.8,2.2,0.5,0.0,1.2,1.4,4.2
Sandro Mamukelashvili,C,24,SAS,17,0,7.7,1.0,2.6,0.386,0.4,1.5,0.24,0.6,1.1,0.579,0.455,0.6,0.7,0.833,0.7,1.5,2.2,1.3,0.2,0.2,0.4,0.8,2.9
Terance Mann,SG,27,LAC,26,22,25.7,2.6,6.5,0.396,0.6,3.0,0.203,2.0,3.5,0.567,0.444,0.9,1.2,0.742,1.0,2.3,3.3,1.9,0.7,0.3,0.7,1.8,6.7
Tre Mann,PG,22,OKC,12,0,8.5,1.3,2.9,0.457,0.4,1.3,0.333,0.9,1.7,0.55,0.529,0.1,0.1,1.0,0.3,1.2,1.4,1.3,0.3,0.0,0.7,0.3,3.2
Boban Marjanović,C,35,HOU,4,0,6.5,1.3,2.8,0.455,0.0,0.5,0.0,1.3,2.3,0.556,0.455,0.0,0.3,0.0,0.5,1.8,2.3,1.0,0.0,0.3,0.0,0.8,2.5
Lauri Markkanen,PF,26,UTA,24,24,32.7,8.0,16.3,0.487,3.2,8.4,0.376,4.8,7.9,0.605,0.584,4.1,4.8,0.861,2.3,6.2,8.5,1.6,1.0,0.6,1.2,2.1,23.2
Naji Marshall,SF,26,NOP,24,0,19.4,2.8,6.1,0.452,1.1,2.8,0.394,1.7,3.3,0.5,0.541,1.5,2.0,0.787,1.1,2.9,4.0,2.4,0.7,0.2,1.2,1.4,8.1
Caleb Martin,SF,28,MIA,20,10,26.5,4.3,9.6,0.443,1.3,3.3,0.379,3.0,6.3,0.476,0.508,1.3,1.9,0.676,1.3,3.8,5.1,2.3,0.8,0.3,1.4,2.3,11.0
Cody Martin,SF,28,CHO,5,0,22.6,2.6,7.2,0.361,0.8,2.4,0.333,1.8,4.8,0.375,0.417,0.6,1.6,0.375,1.2,1.4,2.6,2.2,1.8,0.8,0.8,1.0,6.6
KJ Martin,SF,23,TOT,20,0,6.4,0.8,1.6,0.484,0.1,0.4,0.143,0.7,1.2,0.583,0.5,0.2,0.4,0.5,0.3,0.6,0.9,0.5,0.5,0.1,0.3,0.9,1.8
Garrison Mathews,SG,27,ATL,20,3,11.6,0.9,2.1,0.429,0.9,2.1,0.439,0.0,0.1,0.0,0.643,0.0,0.1,0.0,0.2,0.9,1.1,0.3,0.4,0.2,0.3,1.7,2.7
Bennedict Mathurin,SF,21,IND,32,12,25.3,5.0,10.9,0.457,1.3,3.6,0.368,3.7,7.3,0.5,0.517,2.8,3.3,0.838,1.1,2.8,3.9,1.9,0.6,0.2,1.5,1.9,14.0
Wesley Matthews,SG,37,ATL,18,1,11.4,0.6,2.2,0.256,0.3,1.7,0.2,0.2,0.5,0.444,0.333,0.8,1.1,0.737,0.2,1.2,1.4,0.7,0.5,0.2,0.3,1.4,2.2
Tyrese Maxey,PG,23,PHI,31,31,37.4,9.0,19.7,0.458,3.2,8.3,0.383,5.9,11.5,0.511,0.538,4.9,5.6,0.873,0.5,3.2,3.8,6.5,0.8,0.5,1.5,2.1,26.1
Skylar Mays,PG,26,POR,20,5,17.4,2.6,6.7,0.381,0.7,2.5,0.286,1.9,4.3,0.435,0.433,0.6,0.8,0.8,0.4,1.2,1.6,3.7,0.7,0.2,0.9,1.0,6.4
Miles McBride,PG,23,NYK,20,0,5.4,0.8,1.6,0.469,0.4,1.0,0.4,0.4,0.6,0.583,0.594,0.1,0.1,0.5,0.1,0.2,0.3,0.5,0.3,0.0,0.1,0.7,2.0
CJ McCollum,PG,32,NOP,20,20,33.6,7.1,15.5,0.46,3.4,7.9,0.427,3.8,7.6,0.493,0.568,2.3,3.0,0.78,0.6,3.4,4.0,5.1,1.5,0.8,1.6,2.3,19.9
T.J. McConnell,PG,31,IND,24,1,15.1,3.3,6.3,0.527,0.0,0.5,0.091,3.3,5.8,0.561,0.53,1.0,1.4,0.727,0.5,2.0,2.6,4.8,0.9,0.1,1.1,1.0,7.6
Jaden McDaniels,SF,23,MIN,22,21,27.0,4.4,8.3,0.527,1.1,3.0,0.364,3.3,5.3,0.621,0.593,0.7,1.0,0.727,0.6,1.6,2.2,1.1,0.8,0.7,1.0,3.5,10.5
Jalen McDaniels,SF,26,TOR,20,0,9.8,1.1,3.5,0.3,0.4,1.9,0.189,0.7,1.7,0.424,0.35,0.4,0.4,0.875,0.2,1.1,1.3,0.6,0.4,0.2,0.4,1.1,2.8
Doug McDermott,SF,32,SAS,30,0,15.9,2.0,4.6,0.442,1.6,3.6,0.45,0.4,1.0,0.414,0.62,0.3,0.4,0.667,0.1,0.9,1.0,1.4,0.3,0.1,0.6,1.2,6.0
JaVale McGee,C,36,SAC,27,0,8.4,2.0,3.0,0.667,0.0,0.0,0.0,2.0,3.0,0.675,0.667,0.6,1.0,0.556,1.0,1.9,2.9,0.4,0.2,0.6,1.0,1.3,4.6
Bryce McGowens,SG,21,CHO,26,7,18.2,1.9,4.2,0.459,0.8,2.0,0.415,1.1,2.2,0.5,0.56,0.9,1.2,0.742,0.3,1.6,1.9,1.0,0.3,0.1,0.5,1.8,5.6
Jordan McLaughlin,PG,27,MIN,12,0,5.2,0.6,1.3,0.467,0.3,0.5,0.5,0.3,0.8,0.444,0.567,0.2,0.2,1.0,0.2,0.3,0.4,1.3,0.5,0.3,0.1,0.3,1.6
De'Anthony Melton,SG,25,PHI,31,31,29.4,4.0,10.1,0.397,2.1,5.8,0.365,1.9,4.2,0.443,0.503,1.9,2.4,0.822,0.8,3.2,4.0,3.2,1.7,0.5,1.2,2.5,12.1
Nathan Mensah,C,25,CHO,7,0,11.6,0.6,1.1,0.5,0.0,0.0,,0.6,1.1,0.5,0.5,0.6,0.9,0.667,1.0,2.4,3.4,0.1,0.1,0.4,0.4,1.9,1.7
Sam Merrill,SG,27,CLE,18,0,11.6,2.1,4.9,0.432,1.9,4.2,0.447,0.2,0.7,0.333,0.625,0.2,0.2,0.75,0.3,1.0,1.3,0.9,0.2,0.1,0.4,1.1,6.3
Chimezie Metu,C,26,PHO,23,3,13.3,2.1,4.1,0.505,0.6,1.7,0.333,1.5,2.4,0.625,0.574,1.1,1.3,0.867,0.8,2.4,3.3,0.5,0.5,0.2,0.8,1.1,5.9
Vasilije Micić,PG,30,OKC,13,0,12.6,1.0,3.2,0.31,0.4,1.9,0.2,0.6,1.3,0.471,0.369,0.3,0.5,0.667,0.1,0.6,0.7,2.8,0.4,0.2,0.9,1.2,2.7
Khris Middleton,SF,32,MIL,28,28,25.0,5.6,11.5,0.492,1.6,4.3,0.372,4.0,7.1,0.565,0.562,1.6,1.9,0.833,0.7,3.8,4.5,4.8,0.8,0.1,2.1,2.3,14.5
Brandon Miller,SF,21,CHO,28,22,31.3,5.6,13.0,0.433,2.1,5.3,0.396,3.5,7.6,0.458,0.514,1.6,1.9,0.815,0.9,3.0,3.8,2.2,0.6,0.5,1.7,2.7,14.9
Jordan Miller,SF,24,LAC,3,0,4.0,0.7,1.0,0.667,0.3,0.3,1.0,0.3,0.7,0.5,0.833,0.0,0.0,,0.0,0.3,0.3,0.0,0.0,0.0,0.3,0.7,1.7
Leonard Miller,SF,20,MIN,4,0,2.8,1.0,1.3,0.8,0.3,0.3,1.0,0.8,1.0,0.75,0.9,0.0,0.0,,0.0,1.8,1.8,0.3,0.0,0.0,0.0,0.3,2.3
Dariq Whitehead,SF,19,BRK,2,0,12.0,0.5,2.5,0.2,0.0,1.5,0.0,0.5,1.0,0.5,0.2,0.5,1.0,0.5,0.0,2.0,2.0,1.5,0.0,0.5,0.0,0.0,1.5
Patty Mills,PG,35,ATL,7,0,9.6,0.7,2.0,0.357,0.7,1.4,0.5,0.0,0.6,0.0,0.536,0.0,0.0,,0.1,0.9,1.0,0.7,0.1,0.1,0.4,1.1,2.1
Shake Milton,SG,27,MIN,27,0,14.9,1.8,4.7,0.378,0.4,1.7,0.255,1.3,3.0,0.45,0.425,1.3,1.6,0.837,0.2,1.4,1.6,1.5,0.5,0.1,0.9,1.4,5.3
Justin Minaya,SF,24,POR,6,0,6.3,0.3,1.0,0.333,0.3,0.7,0.5,0.0,0.3,0.0,0.5,0.2,0.3,0.5,0.7,0.2,0.8,0.0,0.0,0.2,0.2,0.3,1.2
Josh Minott,SF,21,MIN,12,0,2.6,0.7,1.3,0.533,0.0,0.4,0.0,0.7,0.8,0.8,0.533,0.3,0.5,0.667,0.1,0.2,0.3,0.3,0.0,0.1,0.1,0.3,1.7
Davion Mitchell,PG,25,SAC,24,3,13.0,1.4,3.8,0.37,0.5,2.0,0.25,0.9,1.8,0.5,0.435,0.4,0.5,0.769,0.1,0.8,1.0,2.0,0.2,0.1,0.5,1.3,3.8
Donovan Mitchell,SG,27,CLE,24,24,36.5,9.8,21.3,0.457,3.1,8.9,0.347,6.7,12.5,0.535,0.529,5.3,6.0,0.895,1.1,4.6,5.7,5.7,1.9,0.5,2.6,2.4,27.9
Evan Mobley,PF,22,CLE,21,21,33.6,6.8,11.8,0.573,0.1,0.5,0.2,6.7,11.3,0.588,0.577,2.4,3.1,0.769,2.7,7.8,10.5,2.9,0.8,1.7,2.3,2.9,16.0
Isaiah Mobley,PF,24,CLE,3,0,4.7,0.7,1.3,0.5,0.3,0.7,0.5,0.3,0.7,0.5,0.625,0.0,0.0,,0.0,0.7,0.7,1.3,0.3,0.0,0.3,0.7,1.7
Malik Monk,SG,25,SAC,30,0,24.9,4.9,11.0,0.442,2.6,6.2,0.412,2.3,4.8,0.483,0.559,2.2,2.5,0.892,0.4,2.2,2.6,5.2,0.6,0.6,2.2,1.8,14.5
Moses Moody,SG,21,GSW,31,4,18.0,3.0,6.2,0.477,1.0,2.9,0.33,2.0,3.3,0.608,0.554,1.3,1.7,0.774,1.2,2.0,3.2,0.9,0.7,0.3,0.7,1.4,8.2
Xavier Moon,SG,29,LAC,2,0,6.0,0.5,1.0,0.5,0.0,0.5,0.0,0.5,0.5,1.0,0.5,0.0,0.0,,0.0,1.0,1.0,1.5,0.0,0.0,0.5,0.5,1.0
Wendell Moore Jr.,SG,22,MIN,7,0,2.7,0.1,0.4,0.333,0.0,0.3,0.0,0.1,0.1,1.0,0.333,0.0,0.0,,0.0,0.1,0.1,0.1,0.1,0.0,0.3,0.1,0.3
Ja Morant,PG,24,MEM,6,6,35.5,9.3,20.0,0.467,0.8,4.8,0.172,8.5,15.2,0.56,0.488,5.7,6.8,0.829,0.5,4.5,5.0,7.8,0.7,0.7,3.2,2.0,25.2
Marcus Morris,PF,34,PHI,24,4,15.3,2.3,4.9,0.479,1.0,2.2,0.442,1.4,2.7,0.508,0.577,0.5,0.6,0.867,0.4,2.3,2.6,0.8,0.3,0.3,0.3,1.9,6.2
Markieff Morris,PF,34,DAL,13,1,9.8,1.1,3.3,0.326,0.6,2.1,0.296,0.5,1.2,0.375,0.419,0.1,0.2,0.5,0.3,1.5,1.8,0.8,0.3,0.1,0.6,0.7,2.8
Trey Murphy III,SF,23,NOP,12,1,27.0,4.8,10.3,0.472,2.8,6.5,0.423,2.1,3.8,0.556,0.606,2.3,2.8,0.848,0.3,3.7,4.0,1.7,0.8,0.3,0.7,1.2,14.8
Dejounte Murray,SG,27,ATL,32,32,34.4,7.9,17.1,0.461,2.4,6.3,0.383,5.5,10.8,0.506,0.531,2.4,2.9,0.817,0.8,3.8,4.6,5.2,1.5,0.3,2.1,1.7,20.5
Jamal Murray,PG,26,DEN,21,21,29.7,7.2,15.4,0.469,2.6,5.7,0.454,4.7,9.8,0.478,0.552,2.6,3.0,0.887,0.6,3.3,3.9,6.2,0.9,0.8,1.8,1.8,19.7
Keegan Murray,SF,23,SAC,27,27,32.4,5.7,12.8,0.443,2.5,6.9,0.362,3.2,5.9,0.538,0.541,1.5,1.7,0.851,1.3,4.0,5.3,1.6,1.2,0.4,0.9,2.8,15.3
Kris Murray,SF,23,POR,16,0,10.6,1.0,2.7,0.372,0.5,1.6,0.308,0.5,1.1,0.471,0.465,0.2,0.3,0.6,0.6,1.1,1.7,0.5,0.8,0.2,0.1,0.9,2.7
Mike Muscala,C,32,WAS,19,2,14.0,1.4,3.6,0.377,0.6,2.1,0.308,0.7,1.6,0.467,0.464,0.7,0.9,0.778,0.6,2.2,2.8,1.1,0.2,0.4,0.6,1.3,4.1
Svi Mykhailiuk,SF,26,BOS,13,0,7.6,0.7,2.5,0.281,0.4,2.0,0.192,0.3,0.5,0.667,0.359,0.0,0.0,,0.2,0.6,0.8,0.4,0.4,0.0,0.4,0.6,1.8
Larry Nance Jr.,C,31,NOP,16,0,16.2,1.8,3.3,0.538,0.3,0.9,0.357,1.4,2.4,0.605,0.587,0.5,0.8,0.667,1.3,3.4,4.7,0.8,0.9,0.3,1.0,1.4,4.3
Andrew Nembhard,PG,24,IND,23,7,20.0,3.3,6.9,0.484,0.7,2.1,0.306,2.7,4.8,0.564,0.531,0.3,0.5,0.727,0.6,1.2,1.8,4.0,0.9,0.0,1.6,2.0,7.7
Aaron Nesmith,SF,24,IND,30,5,25.6,4.2,8.1,0.514,2.2,4.7,0.471,2.0,3.4,0.573,0.65,1.2,1.7,0.7,0.9,2.4,3.2,1.0,1.1,0.8,0.9,3.4,11.7
Georges Niang,PF,30,CLE,33,1,21.8,3.1,7.6,0.402,1.5,4.6,0.329,1.5,3.0,0.515,0.502,0.4,0.5,0.824,0.4,3.1,3.5,1.2,0.3,0.2,0.9,2.4,8.1
Daishen Nix,PG,21,MIN,6,0,3.5,0.5,1.3,0.375,0.3,0.8,0.4,0.2,0.5,0.333,0.5,0.0,0.3,0.0,0.0,0.2,0.2,0.0,0.2,0.0,0.0,0.0,1.3
Zeke Nnaji,PF,23,DEN,29,0,10.4,1.3,2.7,0.474,0.1,0.4,0.308,1.1,2.2,0.508,0.5,0.8,1.2,0.629,1.2,1.1,2.4,0.5,0.2,0.7,0.7,1.6,3.4
Jaylen Nowell,SG,24,MEM,9,1,17.3,2.4,6.1,0.4,0.4,2.6,0.174,2.0,3.6,0.563,0.436,0.3,0.3,1.0,0.3,1.2,1.6,1.8,0.3,0.0,0.6,1.4,5.7
Markquis Nowell,SG,24,TOR,1,0,4.0,0.0,1.0,0.0,0.0,0.0,,0.0,1.0,0.0,0.0,2.0,2.0,1.0,2.0,0.0,2.0,2.0,1.0,0.0,0.0,0.0,2.0
Jusuf Nurkić,C,29,PHO,31,31,28.0,4.8,9.8,0.485,0.6,2.3,0.268,4.2,7.5,0.551,0.516,2.6,3.7,0.719,2.8,7.5,10.4,3.6,0.9,1.2,2.1,3.5,12.8
Jordan Nwora,SF,25,IND,11,0,10.9,2.5,5.1,0.482,0.7,2.2,0.333,1.7,2.9,0.594,0.554,0.5,0.6,0.857,0.6,1.4,2.0,1.0,0.5,0.1,0.9,1.1,6.2
Royce O'Neale,SF,30,BRK,32,6,25.8,2.6,6.8,0.389,2.1,5.5,0.383,0.5,1.3,0.415,0.544,0.3,0.5,0.625,0.8,3.9,4.6,3.2,0.7,0.7,0.9,2.4,7.7
Chuma Okeke,SF,25,ORL,16,0,5.5,0.6,1.6,0.346,0.3,1.1,0.278,0.3,0.5,0.5,0.442,0.0,0.0,,0.3,0.9,1.1,0.3,0.1,0.1,0.2,0.3,1.4
Josh Okogie,SG,25,PHO,27,11,20.0,1.7,4.4,0.387,0.5,2.1,0.25,1.2,2.3,0.508,0.445,1.8,2.4,0.75,1.5,1.6,3.1,1.3,0.9,0.5,0.7,1.4,5.7
Onyeka Okongwu,C,23,ATL,31,2,24.5,3.7,6.4,0.581,0.4,1.4,0.286,3.3,5.0,0.66,0.611,1.8,2.1,0.833,2.4,4.3,6.7,1.5,0.5,0.9,0.8,2.8,9.6
Isaac Okoro,SF,23,CLE,24,13,26.2,3.1,6.3,0.493,0.9,2.6,0.349,2.2,3.7,0.596,0.566,1.6,2.3,0.704,1.3,2.0,3.3,2.1,0.9,0.5,0.8,2.3,8.8
Kelly Olynyk,C,32,UTA,32,8,21.9,3.0,5.3,0.559,0.8,1.9,0.41,2.2,3.4,0.642,0.632,1.4,1.6,0.9,1.5,3.9,5.4,4.7,0.9,0.3,1.8,2.7,8.1
Eugene Omoruyi,SF,26,WAS,16,0,5.8,1.8,2.9,0.609,0.3,0.9,0.357,1.4,2.0,0.719,0.663,0.9,1.2,0.737,0.6,1.0,1.6,0.6,0.5,0.1,0.6,0.9,4.7
Cedi Osman,SF,28,SAS,32,1,18.3,2.8,6.1,0.464,1.2,3.2,0.359,1.7,2.9,0.581,0.559,0.7,1.1,0.676,0.3,1.9,2.3,1.8,0.4,0.2,0.6,1.5,7.6
Kelly Oubre Jr.,SF,28,PHI,21,11,26.4,4.9,10.3,0.47,1.7,4.7,0.367,3.1,5.7,0.555,0.553,1.6,2.3,0.708,1.1,3.0,4.1,0.8,1.2,0.4,0.8,2.3,13.0
Chris Paul,PG,38,GSW,29,8,27.5,3.2,7.9,0.412,1.3,3.8,0.339,2.0,4.1,0.479,0.493,1.1,1.2,0.889,0.3,3.4,3.8,7.4,1.2,0.1,1.2,1.9,8.9
Cameron Payne,PG,29,MIL,33,2,15.8,2.2,4.8,0.459,1.1,2.8,0.394,1.1,2.0,0.554,0.575,0.7,0.8,0.92,0.1,1.1,1.2,2.4,0.4,0.1,0.8,1.8,6.2
Gary Payton II,SG,31,GSW,15,0,16.7,2.3,4.9,0.473,0.6,1.9,0.31,1.7,3.0,0.578,0.534,0.4,0.6,0.667,1.0,1.9,2.9,0.9,1.1,0.3,0.6,1.9,5.7
Drew Peterson,PF,24,BOS,1,0,3.0,1.0,1.0,1.0,1.0,1.0,1.0,0.0,0.0,,1.5,0.0,0.0,,0.0,0.0,0.0,1.0,0.0,0.0,0.0,1.0,3.0
Filip Petrušev,C,23,TOT,3,0,3.3,0.3,0.7,0.5,0.0,0.0,,0.3,0.7,0.5,0.5,0.3,0.7,0.5,0.0,0.3,0.3,0.0,0.0,0.0,0.0,0.3,1.0
Julian Phillips,SF,20,CHI,19,0,4.0,0.3,0.9,0.278,0.0,0.5,0.0,0.3,0.5,0.556,0.278,0.1,0.2,0.25,0.1,0.4,0.5,0.3,0.1,0.0,0.1,0.5,0.6
Jalen Pickett,SG,24,DEN,15,0,6.0,0.7,1.7,0.44,0.5,1.2,0.389,0.3,0.5,0.571,0.58,0.1,0.1,1.0,0.1,0.7,0.7,0.7,0.2,0.0,0.4,0.5,2.1
Mason Plumlee,C,33,LAC,6,0,17.0,2.0,3.2,0.632,0.0,0.0,,2.0,3.2,0.632,0.632,1.0,2.3,0.429,1.3,4.2,5.5,1.0,0.7,0.2,0.8,1.0,5.0
Brandin Podziemski,SG,20,GSW,26,8,23.2,3.5,7.5,0.469,1.3,3.2,0.417,2.2,4.2,0.509,0.559,0.7,1.0,0.704,1.5,3.9,5.5,3.2,1.0,0.2,1.4,1.8,9.1
Jakob Poeltl,C,28,TOR,33,33,26.3,4.7,6.8,0.695,0.0,0.0,,4.7,6.8,0.695,0.695,1.1,2.1,0.529,2.8,5.5,8.3,2.4,0.7,1.3,1.5,2.8,10.5
Aleksej Pokusevski,PF,22,OKC,7,0,6.1,0.3,1.6,0.182,0.1,1.1,0.125,0.1,0.4,0.333,0.227,0.1,0.3,0.5,0.3,0.9,1.1,0.7,0.0,0.1,0.4,0.7,0.9
Jordan Poole,SG,24,WAS,31,31,29.3,6.2,14.9,0.414,2.1,6.6,0.312,4.1,8.3,0.496,0.484,2.8,3.3,0.871,0.4,2.1,2.5,3.7,1.0,0.3,2.6,3.1,17.2
Craig Porter Jr.,PG,23,CLE,22,5,16.7,3.0,6.2,0.493,0.3,0.9,0.35,2.7,5.3,0.517,0.518,1.1,1.6,0.667,0.5,2.1,2.7,3.3,0.7,0.5,1.0,1.1,7.5
Michael Porter Jr.,SF,25,DEN,35,35,31.2,6.3,13.3,0.47,2.8,7.1,0.392,3.5,6.2,0.56,0.575,1.0,1.3,0.761,1.4,6.2,7.5,1.5,0.4,0.8,1.1,1.9,16.3
Otto Porter Jr.,SF,30,TOR,15,1,11.6,0.9,2.2,0.424,0.5,1.5,0.348,0.4,0.7,0.6,0.545,0.2,0.2,1.0,0.4,1.5,1.9,0.5,0.3,0.3,0.1,1.3,2.6
Bobby Portis,PF,28,MIL,33,0,24.2,5.2,10.2,0.507,1.0,2.9,0.354,4.1,7.2,0.569,0.558,1.3,1.6,0.808,1.7,5.1,6.8,1.2,0.8,0.5,0.9,2.5,12.6
Kristaps Porziņģis,C,28,BOS,23,23,30.6,6.8,12.9,0.527,1.7,5.4,0.323,5.0,7.5,0.674,0.595,4.7,5.7,0.831,1.5,5.7,7.2,1.7,0.8,1.7,1.6,3.0,20.0
Micah Potter,PF,25,UTA,2,0,3.5,0.0,0.5,0.0,0.0,0.5,0.0,0.0,0.0,,0.0,0.0,0.0,,0.0,2.0,2.0,0.0,0.0,0.0,0.0,0.0,0.0
Dwight Powell,C,32,DAL,31,3,14.5,1.6,2.2,0.731,0.0,0.1,0.5,1.5,2.1,0.738,0.739,1.4,1.7,0.815,1.5,1.9,3.4,1.4,0.5,0.4,0.4,1.9,4.6
Norman Powell,SG,30,LAC,32,0,25.6,4.7,9.2,0.505,1.9,4.3,0.449,2.7,4.9,0.554,0.61,2.1,2.4,0.882,0.2,2.2,2.3,1.0,0.6,0.4,0.9,2.0,13.3
Joshua Primo,SG,21,LAC,1,0,5.0,1.0,2.0,0.5,0.0,1.0,0.0,1.0,1.0,1.0,0.5,0.0,0.0,,0.0,0.0,0.0,0.0,0.0,1.0,3.0,0.0,2.0
Taurean Prince,PF,29,LAL,32,32,30.9,3.6,8.3,0.436,2.2,5.5,0.401,1.4,2.8,0.506,0.57,0.6,0.8,0.76,0.3,2.6,2.8,1.8,0.9,0.5,1.0,2.3,10.1
Payton Pritchard,PG,26,BOS,32,0,20.5,2.7,6.5,0.413,1.7,4.3,0.381,1.0,2.2,0.478,0.541,0.4,0.6,0.65,1.0,2.2,3.2,3.0,0.4,0.1,0.6,1.3,7.4
Olivier-Maxence Prosper,PF,21,DAL,21,0,9.1,0.9,2.5,0.34,0.3,1.3,0.214,0.6,1.2,0.48,0.396,0.8,1.1,0.696,0.6,1.4,2.0,0.7,0.1,0.0,0.2,0.6,2.8
Trevelin Queen,SG,26,ORL,1,0,1.0,0.0,1.0,0.0,0.0,1.0,0.0,0.0,0.0,,0.0,0.0,0.0,,0.0,0.0,0.0,0.0,1.0,0.0,0.0,0.0,0.0
Neemias Queta,C,24,BOS,12,0,14.5,2.2,3.8,0.578,0.0,0.0,,2.2,3.8,0.578,0.578,1.0,1.3,0.75,2.3,3.0,5.3,0.6,0.5,0.3,0.4,2.2,5.3
Immanuel Quickley,SG-PG,24,TOT,31,1,24.1,5.1,11.2,0.451,2.1,5.4,0.395,2.9,5.8,0.503,0.546,2.7,3.1,0.866,0.2,2.5,2.7,2.5,0.6,0.1,1.0,1.5,15.0
Lester Quinones,SG,23,GSW,4,0,4.3,0.8,2.3,0.333,0.5,1.5,0.333,0.3,0.8,0.333,0.444,0.0,0.0,,0.0,0.8,0.8,0.3,0.0,0.0,0.5,0.8,2.0
Julius Randle,PF,29,NYK,33,33,35.6,8.7,18.3,0.474,1.4,5.0,0.283,7.2,13.2,0.547,0.513,5.3,6.9,0.763,2.2,7.4,9.6,4.7,0.5,0.2,3.4,2.8,24.0
Duop Reath,C,27,POR,20,4,15.3,3.0,6.8,0.441,1.4,3.9,0.359,1.6,2.9,0.552,0.544,1.2,1.3,0.923,1.2,1.9,3.1,1.0,0.6,0.4,0.7,2.0,8.6
Austin Reaves,SG,25,LAL,34,9,29.4,5.2,11.0,0.477,1.6,4.6,0.357,3.6,6.4,0.565,0.552,2.9,3.4,0.877,1.0,3.5,4.4,4.9,0.9,0.1,2.3,1.6,15.1
Cam Reddish,SF,24,LAL,27,20,24.6,2.4,6.2,0.393,0.8,2.7,0.297,1.6,3.5,0.468,0.458,1.2,1.4,0.868,0.6,2.0,2.7,1.6,1.3,0.3,0.7,1.7,6.9
Paul Reed,C,24,PHI,32,5,15.2,2.3,4.2,0.564,0.2,0.5,0.375,2.2,3.7,0.59,0.586,0.6,0.8,0.741,1.9,2.6,4.5,1.3,0.7,0.7,0.9,2.3,5.5
Naz Reid,C,24,MIN,32,0,22.1,4.7,9.4,0.502,1.9,4.7,0.397,2.8,4.7,0.607,0.601,1.3,1.4,0.913,1.0,3.4,4.4,1.0,0.7,0.6,1.4,2.0,12.6
Jared Rhoden,SG,24,DET,5,0,6.0,1.0,1.8,0.556,0.2,0.8,0.25,0.8,1.0,0.8,0.611,0.4,0.4,1.0,0.2,0.6,0.8,0.6,0.0,0.0,0.4,0.8,2.6
Nick Richards,C,26,CHO,25,12,23.2,3.5,5.0,0.702,0.0,0.0,,3.5,5.0,0.702,0.702,2.0,2.6,0.773,2.3,4.8,7.0,0.7,0.4,1.2,0.9,2.6,9.0
Josh Richardson,SG,30,MIA,24,4,27.8,3.6,8.3,0.437,1.5,4.5,0.327,2.2,3.8,0.565,0.525,1.3,1.5,0.914,0.5,2.3,2.7,3.0,0.6,0.3,1.0,1.7,10.0
Duncan Robinson,SF,29,MIA,31,16,29.2,5.0,10.5,0.479,3.1,7.0,0.444,1.9,3.5,0.545,0.626,1.5,1.7,0.865,0.3,2.5,2.8,3.1,0.5,0.2,1.2,2.3,14.6
Jerome Robinson,SG,26,GSW,4,0,3.3,0.0,1.3,0.0,0.0,0.8,0.0,0.0,0.5,0.0,0.0,0.8,1.0,0.75,0.3,0.3,0.5,0.0,0.0,0.3,0.0,0.0,0.8
Mitchell Robinson,C,25,NYK,21,21,29.2,2.8,4.7,0.592,0.0,0.0,,2.8,4.7,0.592,0.592,0.7,1.8,0.368,5.3,5.0,10.3,0.7,1.5,1.3,1.0,1.9,6.2
Orlando Robinson,C,23,MIA,14,7,15.2,2.2,4.2,0.525,0.5,0.9,0.583,1.7,3.4,0.511,0.585,0.8,1.1,0.688,1.3,2.9,4.2,1.7,0.4,0.5,0.9,2.0,5.7
Jeremiah Robinson-Earl,PF,23,NOP,13,1,11.8,1.8,3.2,0.548,0.5,1.2,0.438,1.2,2.0,0.615,0.631,0.5,0.5,1.0,0.8,1.9,2.7,0.7,0.3,0.1,0.5,0.9,4.5
David Roddy,PF,22,MEM,30,8,23.2,3.0,7.5,0.406,1.0,3.3,0.29,2.1,4.1,0.5,0.471,0.9,1.4,0.683,0.9,3.0,3.9,1.3,0.6,0.3,0.9,1.3,8.0
Ryan Rollins,PG,21,WAS,10,0,6.6,1.3,2.5,0.52,0.2,0.3,0.667,1.1,2.2,0.5,0.56,1.3,1.7,0.765,0.2,0.9,1.1,1.1,0.8,0.3,0.7,0.7,4.1
Derrick Rose,PG,35,MEM,16,7,18.5,3.4,7.8,0.435,0.7,2.0,0.344,2.7,5.8,0.467,0.48,1.2,1.3,0.905,0.4,1.4,1.9,3.4,0.4,0.1,1.4,1.1,8.6
Terry Rozier,SG,29,CHO,20,20,35.8,8.7,18.8,0.463,2.7,7.3,0.37,6.0,11.5,0.522,0.535,3.5,4.1,0.854,0.6,3.3,3.9,7.2,1.2,0.4,2.4,1.8,23.6
Rayan Rupert,SG,19,POR,8,0,4.5,0.1,1.6,0.077,0.1,0.8,0.167,0.0,0.9,0.0,0.115,0.3,0.5,0.5,0.1,0.0,0.1,0.5,0.3,0.0,0.3,0.1,0.6
D'Angelo Russell,PG,27,LAL,32,28,29.1,5.6,12.0,0.466,2.0,5.2,0.388,3.6,6.8,0.525,0.549,1.6,2.1,0.773,0.3,2.7,2.9,6.1,0.8,0.5,1.8,2.0,14.8
Matt Ryan,SF,26,NOP,13,1,22.9,2.9,6.4,0.458,2.5,5.2,0.471,0.5,1.2,0.4,0.651,1.0,1.1,0.929,0.4,1.9,2.3,1.1,0.4,0.1,1.2,1.8,9.3
Domantas Sabonis,C,27,SAC,31,31,34.7,7.6,12.9,0.593,0.4,1.2,0.351,7.2,11.7,0.617,0.609,3.7,5.6,0.661,3.2,9.1,12.3,7.5,0.8,0.6,2.9,3.2,19.4
Luka Šamanić,PF,24,UTA,15,0,6.5,1.3,3.3,0.38,0.3,1.3,0.263,0.9,2.1,0.452,0.43,0.3,0.3,1.0,0.3,1.7,2.1,0.2,0.1,0.1,0.4,0.7,3.1
Jermaine Samuels,SF,25,HOU,6,0,6.3,0.8,1.2,0.714,0.0,0.3,0.0,0.8,0.8,1.0,0.714,0.3,0.3,1.0,0.2,1.2,1.3,0.3,0.2,0.2,0.0,0.5,2.0
Adama Sanogo,PF,21,CHI,1,0,1.0,0.0,0.0,,0.0,0.0,,0.0,0.0,,,0.0,0.0,,0.0,0.0,0.0,0.0,0.0,0.0,0.0,0.0,0.0
Gui Santos,PF,21,GSW,4,0,5.5,1.0,1.8,0.571,0.3,0.8,0.333,0.8,1.0,0.75,0.643,1.0,1.0,1.0,1.0,1.0,2.0,0.3,0.0,0.0,0.5,0.8,3.3
Dario Šarić,C,29,GSW,32,4,20.5,3.6,7.8,0.468,1.5,3.9,0.389,2.1,3.8,0.549,0.567,1.7,2.0,0.857,1.6,4.2,5.8,2.1,0.6,0.2,1.2,2.3,10.5
Olivier Sarr,C,24,OKC,8,0,8.4,0.8,1.4,0.545,0.3,0.6,0.4,0.5,0.8,0.667,0.636,0.8,1.0,0.75,0.8,2.5,3.3,0.3,0.0,0.6,0.3,1.8,2.5
Marcus Sasser,PG,23,DET,30,0,15.9,2.8,5.8,0.486,1.2,2.8,0.429,1.6,3.0,0.539,0.59,0.6,0.7,0.857,0.1,1.5,1.6,2.3,0.6,0.2,0.8,1.4,7.4
Admiral Schofield,PF,26,ORL,9,0,3.2,0.3,1.1,0.3,0.1,0.7,0.167,0.2,0.4,0.5,0.35,0.0,0.2,0.0,0.0,0.6,0.6,0.2,0.0,0.0,0.4,0.7,0.8
Dennis Schröder,PG,30,TOR,33,30,32.1,5.2,11.9,0.436,1.6,4.6,0.358,3.5,7.3,0.485,0.505,2.5,2.9,0.856,0.5,2.2,2.7,7.0,1.0,0.1,1.7,2.2,14.5
Dereon Seabron,SG,23,NOP,5,0,10.4,0.8,2.6,0.308,0.2,0.4,0.5,0.6,2.2,0.273,0.346,1.0,1.2,0.833,0.2,1.2,1.4,0.8,0.4,0.2,0.0,0.8,2.8
Alperen Şengün,C,21,HOU,31,31,31.9,8.4,15.4,0.544,0.7,2.2,0.309,7.7,13.2,0.583,0.566,3.8,5.2,0.728,2.6,6.5,9.1,5.3,1.1,0.8,2.5,3.3,21.3
Brice Sensabaugh,SF,20,UTA,2,0,2.5,0.0,1.0,0.0,0.0,0.0,,0.0,1.0,0.0,0.0,0.0,0.0,,0.5,1.0,1.5,0.0,0.0,0.0,0.0,0.0,0.0
Collin Sexton,SG,25,UTA,34,11,23.5,5.2,11.2,0.466,1.3,3.8,0.341,3.9,7.4,0.53,0.524,3.8,4.4,0.878,0.9,1.9,2.8,3.7,0.6,0.2,1.8,2.0,15.6
Landry Shamet,SG,26,WAS,20,0,16.1,2.8,6.2,0.452,1.3,3.6,0.366,1.5,2.7,0.566,0.556,0.3,0.6,0.5,0.1,1.1,1.2,1.4,0.6,0.2,0.6,1.7,7.2
Day'Ron Sharpe,C,22,BRK,33,1,16.0,2.9,5.1,0.575,0.0,0.2,0.143,2.9,4.8,0.594,0.578,1.3,2.2,0.595,2.8,4.2,6.9,1.4,0.5,0.9,1.1,2.3,7.2
Shaedon Sharpe,SG,20,POR,27,25,34.4,5.6,13.7,0.407,2.0,5.7,0.348,3.6,8.0,0.449,0.48,3.2,3.9,0.827,1.3,3.9,5.2,3.2,0.9,0.3,2.5,2.9,16.4
Ben Sheppard,SG,22,IND,13,0,7.0,1.2,2.6,0.441,0.5,1.6,0.333,0.6,1.0,0.615,0.544,0.3,0.5,0.667,0.2,0.5,0.6,0.6,0.3,0.0,0.1,0.8,3.2
Pascal Siakam,PF,29,TOR,33,33,35.1,8.5,16.4,0.518,1.1,3.7,0.285,7.4,12.7,0.586,0.55,4.3,5.8,0.749,1.5,5.1,6.5,5.0,0.8,0.2,2.2,2.3,22.4
Ben Simmons,PG,27,BRK,6,6,31.8,3.2,6.0,0.528,0.0,0.0,,3.2,6.0,0.528,0.528,0.2,0.7,0.25,2.7,8.2,10.8,6.7,0.5,0.8,2.5,2.7,6.5
Anfernee Simons,SG,24,POR,11,11,34.2,9.5,20.7,0.456,3.8,9.5,0.4,5.6,11.2,0.504,0.548,4.4,4.7,0.923,0.6,2.5,3.1,5.3,0.9,0.1,2.4,2.0,27.1
Jericho Sims,C,25,NYK,14,5,7.4,0.7,1.1,0.667,0.0,0.0,,0.7,1.1,0.667,0.667,0.2,0.4,0.6,0.4,1.3,1.7,0.2,0.1,0.1,0.1,1.0,1.6
Dmytro Skapintsev,C,25,NYK,2,0,1.0,0.0,0.5,0.0,0.0,0.0,,0.0,0.5,0.0,0.0,0.0,0.0,,0.0,0.0,0.0,0.0,0.0,0.0,0.0,0.0,0.0
Jalen Slawson,SF,24,SAC,5,0,3.8,0.4,0.6,0.667,0.0,0.2,0.0,0.4,0.4,1.0,0.667,0.0,0.0,,0.0,0.8,0.8,0.4,0.0,0.2,0.4,0.6,0.8
Javonte Smart,PG,24,PHI,1,0,1.0,0.0,0.0,,0.0,0.0,,0.0,0.0,,,0.0,0.0,,0.0,0.0,0.0,0.0,0.0,0.0,0.0,0.0,0.0
Marcus Smart,PG,29,MEM,15,15,29.6,4.8,11.2,0.429,1.7,6.0,0.289,3.1,5.2,0.59,0.506,2.1,2.6,0.795,0.3,2.0,2.3,4.5,2.3,0.3,3.1,2.8,13.4
Dennis Smith Jr.,PG,26,BRK,19,1,18.6,2.7,6.7,0.409,0.5,1.8,0.257,2.3,4.8,0.467,0.445,1.0,1.2,0.826,0.7,2.3,3.0,3.7,0.9,0.2,1.1,2.4,6.9
Dru Smith,SG,26,MIA,9,0,14.6,1.7,3.7,0.455,0.8,1.9,0.412,0.9,1.8,0.5,0.561,0.2,0.2,1.0,0.7,0.9,1.6,1.6,1.0,0.3,0.6,1.3,4.3
Ish Smith,PG,35,CHO,25,2,16.8,1.8,3.6,0.505,0.1,0.2,0.5,1.8,3.5,0.506,0.516,0.1,0.1,1.0,0.3,1.3,1.6,3.2,0.3,0.1,1.3,1.1,3.8
Jabari Smith Jr.,PF,20,HOU,30,30,30.3,5.0,10.2,0.49,1.7,4.4,0.379,3.3,5.8,0.575,0.572,1.8,2.2,0.821,1.9,6.6,8.5,1.5,0.6,0.8,1.2,3.0,13.5
Jalen Smith,C,23,IND,20,4,16.0,3.9,5.9,0.667,1.2,2.1,0.561,2.8,3.8,0.724,0.765,1.3,1.9,0.658,1.4,3.8,5.2,0.9,0.3,0.4,1.0,2.4,10.2
Nick Smith Jr.,SG,19,CHO,16,0,12.3,2.4,5.3,0.452,1.3,2.8,0.477,1.1,2.5,0.425,0.577,0.1,0.1,1.0,0.4,0.7,1.1,0.8,0.1,0.3,0.6,1.1,6.2
Jeremy Sochan,PF,20,SAS,32,31,29.1,4.2,9.8,0.433,0.9,2.4,0.372,3.3,7.3,0.453,0.479,1.5,2.0,0.762,1.5,4.0,5.6,4.1,0.6,0.3,2.1,2.6,10.8
Jaden Springer,SG,21,PHI,19,0,9.1,1.2,3.1,0.379,0.3,0.9,0.294,0.9,2.2,0.415,0.422,0.6,0.8,0.75,0.7,0.6,1.4,0.9,0.5,0.4,0.8,1.3,3.2
Lamar Stevens,PF,26,BOS,12,1,5.0,1.0,1.8,0.545,0.2,0.5,0.333,0.8,1.3,0.625,0.591,0.3,0.3,0.75,0.5,0.7,1.2,0.5,0.3,0.3,0.3,0.8,2.4
Isaiah Stewart,PF,22,DET,28,28,30.7,3.9,8.2,0.472,1.4,3.5,0.398,2.5,4.7,0.527,0.557,1.3,1.7,0.745,1.9,5.2,7.0,1.7,0.3,0.6,1.5,2.6,10.4
Julian Strawther,SF,21,DEN,32,0,14.0,2.2,5.8,0.386,1.2,3.6,0.325,1.1,2.2,0.486,0.486,0.5,0.7,0.696,0.1,1.4,1.5,1.1,0.5,0.2,0.5,1.5,6.1
Max Strus,SF,27,CLE,33,33,34.8,4.9,12.4,0.394,2.8,8.3,0.339,2.1,4.1,0.504,0.507,1.2,1.5,0.796,0.7,4.4,5.1,3.9,1.0,0.6,1.7,2.9,13.8
Jalen Suggs,SG,22,ORL,28,28,26.5,4.5,9.7,0.465,1.7,4.8,0.353,2.8,4.9,0.572,0.552,2.0,2.5,0.797,0.6,2.8,3.4,2.5,1.5,0.7,2.0,2.8,12.6
Cole Swider,SF,24,MIA,5,0,6.6,1.6,3.2,0.5,1.0,2.4,0.417,0.6,0.8,0.75,0.656,0.0,0.0,,0.2,0.2,0.4,0.6,0.2,0.2,0.2,0.2,4.2
Jae'Sean Tate,SF,28,HOU,29,3,18.5,2.1,4.3,0.492,0.5,1.6,0.319,1.6,2.7,0.597,0.552,0.5,0.8,0.682,1.0,2.5,3.5,1.0,0.8,0.2,0.5,2.6,5.2
Jayson Tatum,PF,25,BOS,30,30,36.8,9.3,19.6,0.474,3.0,8.7,0.346,6.3,10.9,0.575,0.55,5.4,6.7,0.806,0.9,7.5,8.4,4.4,1.0,0.5,2.9,2.1,26.9
Terry Taylor,PF,24,CHI,11,0,5.0,0.7,0.8,0.889,0.0,0.1,0.0,0.7,0.7,1.0,0.889,0.0,0.0,,0.5,0.4,0.9,0.2,0.2,0.0,0.1,0.5,1.5
Garrett Temple,SG,37,TOR,6,0,3.2,0.7,0.8,0.8,0.2,0.2,1.0,0.5,0.7,0.75,0.9,0.3,0.3,1.0,0.0,0.3,0.3,0.5,0.2,0.0,0.0,0.0,1.8
Dalen Terry,SG,21,CHI,18,0,9.4,0.7,1.7,0.4,0.2,0.9,0.176,0.5,0.7,0.692,0.45,0.4,0.6,0.7,0.3,1.2,1.5,0.9,0.2,0.3,0.4,0.9,1.9
Daniel Theis,C,31,TOT,22,0,16.5,2.8,5.4,0.517,0.5,1.0,0.455,2.3,4.4,0.531,0.559,1.0,1.4,0.742,1.5,1.9,3.4,0.7,0.4,0.8,0.7,2.4,7.0
Cam Thomas,SG,22,BRK,24,20,29.9,8.3,18.6,0.448,2.1,5.7,0.365,6.3,12.9,0.485,0.504,3.6,4.5,0.806,0.3,2.3,2.6,2.3,0.6,0.4,1.7,2.2,22.4
Amen Thompson,SF,21,HOU,12,0,15.3,2.0,4.5,0.444,0.3,1.4,0.176,1.8,3.1,0.568,0.472,0.9,1.5,0.611,0.8,2.5,3.3,1.8,0.7,0.2,1.0,1.8,5.2
Ausar Thompson,SF,21,DET,33,24,25.3,3.7,8.1,0.462,0.3,1.8,0.153,3.5,6.3,0.551,0.479,1.3,1.9,0.698,2.3,4.8,7.1,2.2,0.8,1.1,1.6,3.1,9.1
Klay Thompson,SF,33,GSW,31,31,30.2,5.8,13.9,0.416,3.2,8.4,0.377,2.6,5.5,0.476,0.53,2.0,2.2,0.899,0.5,3.2,3.7,2.1,0.5,0.5,1.7,1.9,16.7
Tristan Thompson,PF,32,CLE,28,0,11.3,1.5,2.1,0.683,0.0,0.0,,1.5,2.1,0.683,0.683,0.3,1.0,0.333,1.7,1.9,3.6,0.9,0.2,0.3,0.5,1.3,3.3
JT Thor,PF,21,CHO,25,1,14.8,1.2,3.2,0.383,0.5,1.7,0.31,0.7,1.6,0.462,0.463,0.1,0.3,0.429,0.8,1.6,2.4,0.4,0.2,0.4,0.2,1.1,3.1
Matisse Thybulle,SF,26,POR,32,13,23.8,2.1,4.9,0.424,1.5,3.9,0.373,0.6,1.0,0.625,0.573,0.3,0.4,0.75,0.5,1.7,2.2,1.1,1.7,0.9,0.6,1.2,5.9
Xavier Tillman Sr.,C,25,MEM,20,6,20.0,2.5,6.5,0.38,0.5,2.0,0.256,2.0,4.5,0.433,0.419,0.4,1.0,0.35,1.5,3.1,4.6,1.5,1.2,1.0,0.9,1.6,5.8
Jacob Toppin,SF,23,NYK,3,0,1.3,0.0,0.0,,0.0,0.0,,0.0,0.0,,,0.0,0.0,,0.0,0.0,0.0,0.3,0.0,0.3,0.0,0.0,0.0
Obi Toppin,PF,25,IND,32,27,23.9,4.6,7.8,0.586,1.3,3.3,0.381,3.3,4.5,0.736,0.667,1.2,1.5,0.755,1.1,2.8,3.9,1.3,0.5,0.6,0.8,2.2,11.5
Juan Toscano-Anderson,SF,30,SAC,6,0,3.2,0.2,0.5,0.333,0.0,0.2,0.0,0.2,0.3,0.5,0.333,0.0,0.0,,0.2,0.7,0.8,0.5,0.2,0.0,0.2,0.7,0.3
Karl-Anthony Towns,PF,28,MIN,31,31,32.8,7.7,15.1,0.509,1.9,4.6,0.413,5.8,10.5,0.551,0.572,4.1,4.6,0.895,1.6,7.5,9.2,2.9,0.8,0.5,3.0,3.5,21.4
Gary Trent Jr.,SG,25,TOR,30,5,26.0,4.2,10.4,0.399,2.2,5.8,0.382,2.0,4.7,0.421,0.505,0.9,1.4,0.651,0.3,2.1,2.4,1.7,0.8,0.1,0.6,1.0,11.5
Oscar Tshiebwe,PF,24,IND,3,0,5.7,1.3,2.7,0.5,0.0,0.0,,1.3,2.7,0.5,0.5,1.0,1.3,0.75,0.7,1.0,1.7,0.7,0.0,0.0,0.0,0.3,3.7
P.J. Tucker,PF,38,TOT,15,3,15.9,0.4,1.3,0.316,0.3,1.1,0.313,0.1,0.2,0.333,0.447,0.2,0.2,1.0,1.1,1.8,2.9,0.5,0.6,0.2,0.3,2.3,1.3
Myles Turner,C,27,IND,31,31,27.5,6.2,11.8,0.525,1.5,4.0,0.36,4.7,7.8,0.61,0.586,3.7,4.5,0.823,1.7,5.6,7.4,1.1,0.5,2.2,1.4,3.2,17.6
Hunter Tyson,PF,23,DEN,8,0,2.5,0.1,0.5,0.25,0.0,0.4,0.0,0.1,0.1,1.0,0.25,0.0,0.0,,0.0,0.6,0.6,0.1,0.0,0.0,0.0,0.6,0.3
Stanley Umude,SG,24,DET,15,0,10.3,1.3,2.9,0.455,0.9,1.8,0.519,0.4,1.1,0.353,0.614,1.4,1.5,0.913,0.2,1.7,1.9,0.5,0.3,0.3,0.7,1.6,5.0
Jonas Valančiūnas,C,31,NOP,33,33,27.6,5.7,10.0,0.568,0.7,1.9,0.355,5.0,8.1,0.618,0.602,2.4,3.0,0.8,2.4,7.2,9.7,2.4,0.6,1.3,1.5,3.2,14.4
Jarred Vanderbilt,PF,24,LAL,13,5,17.8,1.2,3.4,0.341,0.1,1.1,0.071,1.1,2.3,0.467,0.352,0.2,0.3,0.75,1.2,2.8,4.1,0.8,0.7,0.2,0.3,1.9,2.6
Fred VanVleet,PG,29,HOU,30,30,37.4,5.7,14.2,0.402,3.0,7.6,0.39,2.7,6.6,0.416,0.507,3.0,3.4,0.874,0.3,3.6,3.9,8.5,1.1,0.5,1.7,1.9,17.4
Devin Vassell,SG,23,SAS,27,21,30.2,6.7,14.5,0.463,2.6,7.1,0.365,4.1,7.4,0.558,0.552,2.3,2.9,0.818,0.4,3.0,3.4,3.0,1.2,0.2,1.3,1.1,18.3
Sasha Vezenkov,PF,28,SAC,27,0,12.9,2.0,4.6,0.427,1.1,2.9,0.367,0.9,1.7,0.533,0.544,0.2,0.3,0.75,0.7,1.9,2.6,0.5,0.5,0.2,0.3,1.0,5.2
Gabe Vincent,PG,27,LAL,5,0,25.4,2.4,6.4,0.375,0.4,3.4,0.118,2.0,3.0,0.667,0.406,0.2,0.4,0.5,0.4,0.6,1.0,3.0,1.2,0.0,0.4,2.4,5.4
Nikola Vučević,C,33,CHI,31,31,34.0,7.0,15.5,0.452,1.1,3.9,0.281,5.9,11.6,0.51,0.488,1.6,1.8,0.875,2.7,7.6,10.4,3.4,0.8,0.7,1.7,2.6,16.7
Dean Wade,PF,27,CLE,26,19,22.1,1.8,4.5,0.405,1.4,3.8,0.37,0.4,0.6,0.625,0.565,0.4,0.5,0.786,1.1,3.7,4.8,0.8,0.9,0.3,0.5,2.2,5.5
Franz Wagner,SF,22,ORL,32,32,34.2,7.8,16.8,0.465,1.4,4.9,0.287,6.4,11.9,0.538,0.507,4.2,4.9,0.847,1.1,4.9,6.0,4.0,1.2,0.4,1.8,2.3,21.2
Moritz Wagner,C,26,ORL,32,0,18.5,4.4,7.3,0.601,0.5,1.6,0.314,3.9,5.7,0.681,0.635,1.9,2.4,0.782,1.5,2.8,4.4,1.2,0.4,0.3,1.3,2.3,11.2
Ish Wainright,SF,29,POR,6,0,4.8,0.5,2.2,0.231,0.5,1.8,0.273,0.0,0.3,0.0,0.346,0.3,0.3,1.0,0.0,0.7,0.7,0.0,0.2,0.2,0.2,0.7,1.8
Jabari Walker,SF,21,POR,32,0,18.9,2.9,6.0,0.487,0.5,1.8,0.271,2.4,4.2,0.582,0.528,1.8,2.3,0.76,1.8,3.6,5.5,0.7,0.7,0.4,0.9,2.3,8.2
Jarace Walker,PF,20,IND,9,0,9.4,1.3,3.1,0.429,0.3,1.2,0.273,1.0,1.9,0.529,0.482,0.3,0.3,1.0,0.1,1.2,1.3,1.2,0.4,0.3,0.3,1.2,3.3
Lonnie Walker IV,SG,25,BRK,17,0,21.3,5.2,10.6,0.489,2.6,5.6,0.463,2.6,5.0,0.518,0.611,1.7,2.2,0.763,0.2,2.5,2.6,1.6,0.6,0.4,1.5,0.9,14.6
Cason Wallace,SG,20,OKC,31,6,21.7,2.6,5.0,0.532,1.0,2.3,0.431,1.6,2.6,0.622,0.633,0.5,0.5,0.824,0.5,1.7,2.2,1.5,0.6,0.5,0.5,1.7,6.7
P.J. Washington,PF,25,CHO,28,13,29.4,5.0,11.8,0.422,1.8,5.8,0.309,3.2,6.0,0.533,0.498,1.6,2.1,0.763,1.3,4.1,5.4,2.3,0.9,0.8,1.5,2.6,13.3
TyTy Washington Jr.,PG,22,MIL,2,0,3.0,0.5,1.5,0.333,0.5,1.0,0.5,0.0,0.5,0.0,0.5,0.0,0.0,,0.0,0.5,0.5,0.0,0.5,0.0,1.0,0.0,1.5
Yuta Watanabe,SF,29,PHO,22,0,15.8,1.4,4.0,0.345,1.0,3.2,0.329,0.3,0.8,0.412,0.477,0.4,0.6,0.692,0.5,1.4,1.9,0.5,0.3,0.3,0.6,1.4,4.2
Lindy Waters III,SG,26,OKC,11,0,6.7,1.0,2.3,0.44,0.9,2.2,0.417,0.1,0.1,1.0,0.64,0.0,0.0,,0.1,0.5,0.6,0.5,0.0,0.1,0.0,0.5,2.9
Trendon Watford,PF,23,BRK,23,0,13.5,2.6,4.8,0.541,0.3,0.9,0.3,2.3,4.0,0.593,0.568,0.9,1.0,0.875,0.8,2.4,3.2,1.8,0.5,0.3,1.0,1.7,6.4
Peyton Watson,SF,21,DEN,33,2,17.7,2.6,5.0,0.512,0.6,1.8,0.345,2.0,3.3,0.602,0.572,0.8,1.3,0.651,0.5,2.1,2.6,1.1,0.5,0.9,0.6,1.7,6.6
Victor Wembanyama,PF,20,SAS,28,28,29.5,7.0,15.8,0.442,1.4,4.9,0.29,5.6,10.9,0.511,0.488,3.4,4.3,0.793,2.2,8.1,10.3,3.0,1.3,3.1,3.3,2.3,18.9
Blake Wesley,SG,20,SAS,11,0,6.3,0.6,1.7,0.368,0.0,0.3,0.0,0.6,1.5,0.438,0.368,0.5,0.9,0.5,0.3,0.4,0.6,1.9,0.3,0.1,0.2,0.7,1.7
Russell Westbrook,PG,35,LAC,32,10,23.9,4.6,9.9,0.468,0.7,2.3,0.284,4.0,7.6,0.525,0.502,1.5,2.3,0.635,1.6,4.9,6.5,4.7,1.1,0.5,2.3,2.0,11.4
Coby White,PG,23,CHI,34,34,35.0,6.3,14.3,0.442,2.9,7.3,0.391,3.5,7.0,0.496,0.542,2.2,2.6,0.822,0.5,3.8,4.3,4.8,0.7,0.2,2.0,2.5,17.7
Derrick White,SG,29,BOS,29,29,32.6,5.7,11.6,0.491,2.7,6.6,0.416,3.0,5.0,0.589,0.609,2.9,3.2,0.892,0.8,3.1,3.9,5.3,1.2,1.3,1.7,2.1,17.0
Cam Whitmore,SF,19,HOU,8,0,9.0,2.6,4.9,0.538,0.8,2.0,0.375,1.9,2.9,0.652,0.615,0.9,1.8,0.5,0.5,1.6,2.1,0.3,0.4,0.1,0.4,0.8,6.9
Aaron Wiggins,SG,25,OKC,29,0,12.1,1.8,3.1,0.582,0.5,1.1,0.484,1.3,2.1,0.633,0.665,0.6,0.9,0.72,0.7,1.7,2.4,0.7,0.4,0.1,0.6,1.1,4.8
Andrew Wiggins,SF,28,GSW,28,21,26.6,4.8,11.3,0.424,1.0,3.2,0.3,3.8,8.1,0.473,0.467,2.1,3.0,0.706,1.9,2.5,4.4,1.4,0.3,0.4,1.6,2.4,12.7
Lindell Wigginton,PG,25,MIL,3,0,2.7,0.7,1.7,0.4,0.0,0.7,0.0,0.7,1.0,0.667,0.4,0.7,0.7,1.0,0.0,0.0,0.0,0.0,0.0,0.0,0.3,0.3,2.0
Brandon Williams,PG,24,DAL,1,0,7.0,2.0,3.0,0.667,0.0,0.0,,2.0,3.0,0.667,0.667,0.0,0.0,,1.0,0.0,1.0,1.0,0.0,0.0,1.0,1.0,4.0
Grant Williams,PF,25,DAL,31,27,28.4,3.1,7.4,0.417,1.9,5.0,0.381,1.2,2.4,0.493,0.546,0.8,1.2,0.649,1.1,2.7,3.8,1.6,0.5,0.6,0.9,2.9,8.8
Jalen Williams,PF,22,OKC,28,28,31.8,6.8,13.1,0.518,1.3,3.2,0.416,5.5,9.9,0.55,0.568,3.1,3.6,0.851,0.4,3.5,3.9,4.0,0.9,0.5,1.7,2.6,18.0
Jaylin Williams,C,21,OKC,26,0,11.9,1.2,3.2,0.378,0.7,2.0,0.333,0.5,1.2,0.452,0.482,0.5,0.6,0.933,0.5,2.8,3.3,1.4,0.3,0.2,0.4,1.6,3.6
Jeenathan Williams,SG,24,HOU,4,0,5.5,1.5,2.8,0.545,0.0,0.5,0.0,1.5,2.3,0.667,0.545,0.3,0.5,0.5,0.0,0.0,0.0,0.5,0.3,0.0,0.0,0.5,3.3
Kenrich Williams,PF,29,OKC,21,0,15.7,2.0,4.0,0.494,1.0,2.0,0.465,1.0,1.9,0.525,0.614,0.1,0.5,0.3,0.6,2.0,2.7,1.7,0.6,0.1,0.2,1.6,5.0
Mark Williams,C,22,CHO,19,19,26.7,5.2,7.9,0.649,0.0,0.0,,5.2,7.9,0.649,0.649,2.4,3.4,0.719,4.0,5.7,9.7,1.2,0.8,1.1,0.9,2.6,12.7
Patrick Williams,PF,22,CHI,34,24,27.9,3.9,8.4,0.46,1.4,3.3,0.407,2.5,5.1,0.494,0.54,1.3,1.6,0.768,1.1,2.9,4.1,1.5,0.9,0.9,1.1,1.9,10.4
Robert Williams,C,26,POR,6,0,19.8,2.8,4.3,0.654,0.0,0.0,,2.8,4.3,0.654,0.654,1.2,1.5,0.778,1.8,4.5,6.3,0.8,1.2,1.2,1.2,2.8,6.8
Vince Williams Jr.,SG,23,MEM,24,7,20.9,1.5,4.3,0.359,1.1,3.3,0.325,0.5,1.0,0.478,0.485,1.1,1.3,0.813,1.0,4.0,5.0,1.6,0.5,0.6,0.8,2.2,5.3
Ziaire Williams,SF,22,MEM,30,8,19.0,2.5,6.6,0.382,1.0,3.3,0.316,1.5,3.4,0.446,0.46,1.2,1.4,0.854,0.6,3.0,3.6,1.4,0.4,0.3,1.3,1.7,7.3
Zion Williamson,PF,23,NOP,27,27,30.9,8.8,15.1,0.582,0.1,0.3,0.333,8.7,14.7,0.588,0.586,4.7,7.2,0.656,2.0,4.2,6.1,4.6,1.0,0.3,2.6,2.7,22.4
Jalen Wilson,PF,23,BRK,9,0,9.7,1.3,2.7,0.5,0.2,0.7,0.333,1.1,2.0,0.556,0.542,1.7,1.7,1.0,1.2,1.0,2.2,0.8,0.1,0.1,0.3,1.0,4.6
Dylan Windler,SF,27,NYK,3,0,2.3,0.3,0.7,0.5,0.3,0.7,0.5,0.0,0.0,,0.75,0.0,0.0,,0.0,0.3,0.3,0.3,0.0,0.0,0.0,0.3,1.0
James Wiseman,C,22,DET,22,0,14.2,2.8,3.9,0.721,0.0,0.0,0.0,2.8,3.9,0.729,0.721,0.8,1.2,0.654,1.4,2.8,4.1,0.6,0.2,0.7,1.0,2.2,6.4
Christian Wood,PF,28,LAL,29,1,19.0,2.4,5.1,0.466,0.8,2.4,0.329,1.6,2.7,0.59,0.544,1.2,2.0,0.614,0.8,4.6,5.4,1.0,0.2,0.6,1.2,1.5,6.8
Delon Wright,PG,31,WAS,11,0,17.2,1.5,3.6,0.4,0.5,1.5,0.313,1.0,2.2,0.458,0.463,1.5,1.7,0.895,0.4,2.1,2.5,3.6,1.5,0.2,0.7,0.8,4.9
Thaddeus Young,PF,35,TOR,7,0,4.4,0.9,1.4,0.6,0.0,0.0,,0.9,1.4,0.6,0.6,0.1,0.4,0.333,0.4,0.6,1.0,1.0,0.3,0.0,0.6,0.4,1.9
Trae Young,PG,25,ATL,30,30,36.6,8.8,20.2,0.436,3.6,9.3,0.385,5.2,10.9,0.48,0.525,7.2,8.3,0.86,0.5,2.5,3.0,11.3,1.4,0.2,4.3,2.0,28.3
Omer Yurtseven,C,25,UTA,20,6,11.7,1.8,3.5,0.507,0.2,0.7,0.231,1.6,2.8,0.571,0.529,0.3,0.4,0.75,1.5,2.9,4.4,0.7,0.2,0.5,1.0,1.6,4.0
Cody Zeller,C,31,NOP,23,0,9.6,0.6,1.7,0.333,0.0,0.0,0.0,0.6,1.7,0.342,0.333,0.7,1.1,0.577,1.2,1.8,3.0,1.1,0.2,0.1,0.3,1.3,1.8
Ivica Zubac,C,26,LAC,32,32,26.9,5.3,8.2,0.644,0.0,0.0,,5.3,8.2,0.644,0.644,1.7,2.7,0.621,3.2,6.5,9.7,1.2,0.2,1.3,1.2,2.8,12.2
